ID,IDr,CisloPece,CisloPodstavce,CisloOchrannehoPoklopu,Vsazky,Smena,CasZahajeni,CasUkonceni,Batch01_GIN,Batch01_Lot,Batch01_WGHT,Batch01_stred,Batch01_cont,Batch01_Nazev,Batch01_CisloZakazky,Batch02_GIN,Batch02_Lot,Batch02_WGHT,Batch02_stred,Batch02_cont,Batch02_Nazev,Batch02_CisloZakazky,Batch03_GIN,Batch03_Lot,Batch03_WGHT,Batch03_stred,Batch03_cont,Batch03_Nazev,Batch03_CisloZakazky,Batch04_GIN,Batch04_Lot,Batch04_WGHT,Batch04_stred,Batch04_cont,Batch04_Nazev,Batch04_CisloZakazky,Batch05_GIN,Batch05_Lot,Batch05_WGHT,Batch05_stred,Batch05_cont,Batch05_Nazev,Batch05_CisloZakazky,Batch06_GIN,Batch06_Lot,Batch06_WGHT,Batch06_stred,Batch06_cont,Batch06_Nazev,Batch06_CisloZakazky,Batch07_GIN,Batch07_Lot,Batch07_WGHT,Batch07_stred,Batch07_cont,Batch07_Nazev,Batch07_CisloZakazky,Batch08_GIN,Batch08_Lot,Batch08_WGHT,Batch08_stred,Batch08_cont,Batch08_Nazev,Batch08_CisloZakazky,Batch09_GIN,Batch09_Lot,Batch09_WGHT,Batch09_stred,Batch09_cont,Batch09_Nazev,Batch09_CisloZakazky,Batch10_GIN,Batch10_Lot,Batch10_WGHT,Batch10_stred,Batch10_cont,Batch10_Nazev,Batch10_CisloZakazky,Batch11_GIN,Batch11_Lot,Batch11_WGHT,Batch11_stred,Batch11_cont,Batch11_Nazev,Batch11_CisloZakazky,Batch12_GIN,Batch12_Lot,Batch12_WGHT,Batch12_stred,Batch12_cont,Batch12_Nazev,Batch12_CisloZakazky,Plyn_Spotreba_Cyklus,OA_Spotreba_Cyklus,Zdroj,StatusProgramu,Reported,PosledniZmena,RadekVytvoren
50,1,0,1,1,PRP1X10,B,2024-07-25 20:44:48.000,2024-07-29 04:35:17.000,xf13292211,737181,850,b410,m240724075,Predtah,0000492760,xf13292211,737181,850,b410,m240724074,Predtah,0000492760,xf13292211,737181,850,b410,m240724088,Predtah,0000492760,xf13292211,737181,850,b410,m240724089,Predtah,0000492760,xf13292211,737181,850,b410,m240724085,Predtah,0000492760,xf13292211,737181,850,b410,m240724086,Predtah,0000492760,xf13292211,737181,850,b410,m240724094,Predtah,0000492760,xf13292211,737181,850,b410,m240724099,Predtah,0000492760,xf13292211,737181,940,b410,m240724109,Predtah,0000492760,xf13292211,737181,650,b410,m240724114,Predtah,0000492760,xf13292211,737181,850,b410,m250724003,Predtah,0000493176,xf13292211,737181,850,b410,m250724032,Predtah,0000493176,0,1,NULL,0,1,NULL,NULL
51,1,4,3,5,PRP3X9,B,2024-07-25 20:52:33.000,2024-07-27 09:58:17.000,xf13292211,737181,650,b410,m240724117,Predtah,0000492760,xf13292211,737181,850,b410,m230724029,Predtah,0000492760,xf13292211,737181,850,b410,m230724011,Predtah,0000492760,xf13292211,737181,850,b410,m230724037,Predtah,0000492760,xf13292211,737181,850,b410,m230724062,Predtah,0000492760,xf13292211,737181,850,b410,m230724046,Predtah,0000492760,xf13292211,737181,850,b410,m230724074,Predtah,0000492760,xf13292211,737181,850,b410,m230724069,Predtah,0000492760,xf13292211,737181,850,b410,m230724098,Predtah,0000492760,xf13292211,737181,850,b410,m230724088,Predtah,0000492760,xf13292211,737181,685,b410,m230724119,Predtah,0000492760,xf13292211,737181,850,b410,m230724106,Predtah,0000492760,488,219,NULL,0,1,NULL,NULL
58,1,0,4,7,PRP4X9,A,2024-07-29 04:25:56.000,2024-07-29 05:02:18.000,xf13292211,737181,850,b410,m250724045,Predtah,0000493176,xf13292211,737181,850,b410,m250724056,Predtah,0000493176,xf13292211,737181,850,b410,m250724023,Predtah,0000493176,xf13292211,737181,850,b410,m250724044,Predtah,0000493176,xf13292211,737181,850,b410,m250724006,Predtah,0000493176,xf13292211,737181,850,b410,m250724069,Predtah,0000493176,xf13292211,737181,850,b410,m250724081,Predtah,0000493176,xf13292211,737181,850,b410,m250724093,Predtah,0000493176,xf13292211,737181,850,b410,m250724101,Predtah,0000493176,NULL,NULL,0,NULL,NULL,NULL,NULL,NULL,NULL,0,NULL,NULL,NULL,NULL,NULL,NULL,0,NULL,NULL,NULL,NULL,0,2,NULL,0,1,NULL,NULL
"85,1,3,7,5,PRP7X1,A,2024-08-19 11:29:14.000,2024-08-20 03:48:30.000,xf13312211,59540,850,b410,m190824012,Predtah,0000497130,xf13312211,59540,850,b410,m190824027,Predtah,0000497130,xf13312211,59540,850,b410,m190824040,Predtah,0000497130,xf13312211,59540,800,b410,m190824049,Predtah,0000497130,xf13312211,59540,880,b410,m190824055,Predtah,0000497130,xf13312211,59540,660,b410,m190824064,Predtah,0000497130,xf13312211,59540,560,b410,m190824067,Predtah,0000497130,xf13312211,59540,550,b410,m200824004,Predtah,0000497130,NULL,NULL,0,NULL,NULL,"" "",NULL,NULL,NULL,0,NULL,NULL,"" "",NULL,NULL,NULL,0,NULL,NULL,"" "",NULL,NULL,NULL,0,NULL,NULL,"" "",NULL,74,121,1ESAB1,0,1,NULL,NULL"
"109,2,2,1,1,PRP1X1,A,2024-09-02 06:14:01.000,2024-09-03 13:50:36.000,xf13132211,40962,800,b410,m280824095,Predtah,0000507367,xf13132211,40962,727,b410,m280824105,Predtah,0000507367,xf13132211,40962,850,b410,m280824087,Predtah,0000507367,xf13132211,40962,850,b410,m280824076,Predtah,0000507367,xf13132211,40962,850,b410,m280824041,Predtah,0000507367,xf13132211,40962,850,b410,m280824063,Predtah,0000507367,xf13132211,40962,850,b410,m280824035,Predtah,0000507367,xf13132211,40962,850,b410,m280824054,Predtah,0000507367,xf13132211,40962,850,b410,m280824019,Predtah,0000507367,xf13132211,40962,850,b410,m280824002,Predtah,0000507367,xf13132211,40962,850,b410,m280824012,Predtah,0000507367,NULL,NULL,0,NULL,NULL,"" "",NULL,433,82,1ESAB2,0,1,NULL,NULL"
110,2,4,4,7,PRP4X1,A,2024-09-02 06:24:25.000,2024-09-04 08:33:08.000,xf13312211,57927,800,b410,m280824115,Predtah,0000507371,xf13312211,57927,800,b410,m280824122,Predtah,0000507371,xf13312211,57927,800,b410,m280824127,Predtah,0000507371,xf13312211,57927,790,b410,m290824006,Predtah,0000507371,xf13312211,57927,800,b410,m280824136,Predtah,0000507371,xf13312211,59540,800,b410,m290824007,Predtah,0000507372,xf13312211,59540,800,b410,m290824026,Predtah,0000507372,xf13312211,59540,800,b410,m290824039,Predtah,0000507372,xf13312211,59540,800,b410,m290824060,Predtah,0000507372,xf13312211,59540,792,b410,m290824078,Predtah,0000507372,xf13962211,76963,641,b410,m290824094,Predtah,0000507373,xf13962211,76963,506,b410,m290824086,Predtah,0000507373,483,344,1ESAB2,0,1,NULL,NULL
"111,1,0,2,NULL,NULL,NULL,2024-08-30 11:17:38.000,2024-08-30 20:45:42.000,NULL,NULL,0,NULL,NULL,"" "",NULL,NULL,NULL,0,NULL,NULL,"" "",NULL,NULL,NULL,0,NULL,NULL,"" "",NULL,NULL,NULL,0,NULL,NULL,"" "",NULL,NULL,NULL,0,NULL,NULL,"" "",NULL,NULL,NULL,0,NULL,NULL,"" "",NULL,NULL,NULL,0,NULL,NULL,"" "",NULL,NULL,NULL,0,NULL,NULL,"" "",NULL,NULL,NULL,0,NULL,NULL,"" "",NULL,NULL,NULL,0,NULL,NULL,"" "",NULL,NULL,NULL,0,NULL,NULL,"" "",NULL,NULL,NULL,0,NULL,NULL,"" "",NULL,210,46,1ESAB1,0,1,NULL,NULL"
"112,2,0,3,NULL,NULL,NULL,2024-08-30 11:18:13.000,2024-08-30 16:16:24.000,NULL,NULL,0,NULL,NULL,"" "",NULL,NULL,NULL,0,NULL,NULL,"" "",NULL,NULL,NULL,0,NULL,NULL,"" "",NULL,NULL,NULL,0,NULL,NULL,"" "",NULL,NULL,NULL,0,NULL,NULL,"" "",NULL,NULL,NULL,0,NULL,NULL,"" "",NULL,NULL,NULL,0,NULL,NULL,"" "",NULL,NULL,NULL,0,NULL,NULL,"" "",NULL,NULL,NULL,0,NULL,NULL,"" "",NULL,NULL,NULL,0,NULL,NULL,"" "",NULL,NULL,NULL,0,NULL,NULL,"" "",NULL,NULL,NULL,0,NULL,NULL,"" "",NULL,194,62,1ESAB2,0,1,NULL,NULL"
"114,2,0,7,NULL,NULL,NULL,2024-09-02 06:42:39.000,2024-09-03 18:56:12.000,NULL,NULL,0,NULL,NULL,"" "",NULL,NULL,NULL,0,NULL,NULL,"" "",NULL,NULL,NULL,0,NULL,NULL,"" "",NULL,NULL,NULL,0,NULL,NULL,"" "",NULL,NULL,NULL,0,NULL,NULL,"" "",NULL,NULL,NULL,0,NULL,NULL,"" "",NULL,NULL,NULL,0,NULL,NULL,"" "",NULL,NULL,NULL,0,NULL,NULL,"" "",NULL,NULL,NULL,0,NULL,NULL,"" "",NULL,NULL,NULL,0,NULL,NULL,"" "",NULL,NULL,NULL,0,NULL,NULL,"" "",NULL,NULL,NULL,0,NULL,NULL,"" "",NULL,476,252,1ESAB1,0,1,NULL,NULL"
115,1,0,5,4,PRP5X1,A,2024-09-03 02:44:04.000,2024-09-04 13:47:56.000,xf13292211,40288,850,b410,m300824121,Predtah,0000507369,xf13292211,40288,850,b410,m310824016,Predtah,0000507369,xf13292211,40288,850,b410,m020924033,Predtah,0000507369,xf13292211,40288,850,b410,m020924031,Predtah,0000507369,xf13292211,40288,850,b410,m010924098,Predtah,0000507369,xf13292211,40288,850,b410,m010924080,Predtah,0000507369,xf13292211,40288,850,b410,m010924006,Predtah,0000507369,xf13292211,40288,850,b410,m310824125,Predtah,0000507369,xf13292211,40288,850,b410,m310824118,Predtah,0000507369,xf13292211,40288,850,b410,m310824113,Predtah,0000507369,xf13292211,40288,850,b410,m310824110,Predtah,0000507369,xf13292211,40288,850,b410,m310824092,Predtah,0000507369,465,296,1ESAB2,0,1,NULL,NULL
"116,3,1,3,2,66P3X1,B,2024-09-02 06:51:03.000,2024-09-02 20:53:19.000,xf12665500,735145,1052,b485,h300824054,VD,0000507749,xf12665500,735145,1070,b485,h300824055,VD,0000507749,xf12665500,735145,1050,b485,h300824056,VD,0000507749,NULL,NULL,0,NULL,NULL,"" "",NULL,NULL,NULL,0,NULL,NULL,"" "",NULL,NULL,NULL,0,NULL,NULL,"" "",NULL,NULL,NULL,0,NULL,NULL,"" "",NULL,NULL,NULL,0,NULL,NULL,"" "",NULL,NULL,NULL,0,NULL,NULL,"" "",NULL,NULL,NULL,0,NULL,NULL,"" "",NULL,NULL,NULL,0,NULL,NULL,"" "",NULL,NULL,NULL,0,NULL,NULL,"" "",NULL,198,80,1ESAB1,0,1,NULL,NULL"
"117,1,1,8,11,66P8X1,A,2024-09-02 13:16:28.000,2024-09-03 00:48:53.000,xf12665500,735145,1050,b485,h300824105,VD,0000507749,xf12665500,735145,1068,b485,h300824106,VD,0000507749,xf12665500,735145,1128,b485,h300824103,VD,0000507749,NULL,NULL,0,NULL,NULL,"" "",NULL,NULL,NULL,0,NULL,NULL,"" "",NULL,NULL,NULL,0,NULL,NULL,"" "",NULL,NULL,NULL,0,NULL,NULL,"" "",NULL,NULL,NULL,0,NULL,NULL,"" "",NULL,NULL,NULL,0,NULL,NULL,"" "",NULL,NULL,NULL,0,NULL,NULL,"" "",NULL,NULL,NULL,0,NULL,NULL,"" "",NULL,NULL,NULL,0,NULL,NULL,"" "",NULL,170,38,1ESAB1,0,1,NULL,NULL"
"118,2,3,2,10,08P2x1,B,2024-08-30 11:17:38.000,2024-09-05 09:44:29.000,xf13085500,24429,998,B485,H040924046,VD,510696,xf13085500,24429,1048,B485,H040924047,VD,510696,NULL,NULL,0,NULL,NULL,"" "",NULL,NULL,NULL,0,NULL,NULL,"" "",NULL,NULL,NULL,0,NULL,NULL,"" "",NULL,NULL,NULL,0,NULL,NULL,"" "",NULL,NULL,NULL,0,NULL,NULL,"" "",NULL,NULL,NULL,0,NULL,NULL,"" "",NULL,NULL,NULL,0,NULL,NULL,"" "",NULL,NULL,NULL,0,NULL,NULL,"" "",NULL,NULL,NULL,0,NULL,NULL,"" "",NULL,NULL,NULL,0,NULL,NULL,"" "",NULL,202,86,1ESAB1,0,1,NULL,NULL"
"120,2,1,8,11,PRP8X1,C,2024-09-03 02:09:33.000,2024-09-04 15:59:59.000,xf13292211,40288,850,b410,m010924045,Predtah,0000507369,xf13292211,40288,850,b410,m010924059,Predtah,0000507369,xf13292211,40288,850,b410,m010924074,Predtah,0000507369,xf13292211,40288,850,b410,m010924116,Predtah,0000507369,xf13292211,40288,850,b410,m010924110,Predtah,0000507369,xf13292211,40288,850,b410,m010924113,Predtah,0000507369,xf13292211,40288,850,b410,m010924140,Predtah,0000507369,xf13292211,40288,850,b410,m010924143,Predtah,0000507369,xf13292211,40288,850,b410,m010924144,Predtah,0000507369,NULL,NULL,0,NULL,NULL,"" "",NULL,NULL,NULL,0,NULL,NULL,"" "",NULL,NULL,NULL,0,NULL,NULL,"" "",NULL,371,217,1ESAB2,0,1,NULL,NULL"
121,3,2,1,1,PRP1X2,A,2024-09-03 18:51:13.000,2024-09-05 03:41:13.000,xf13292211,40288,850,b410,m020924001,Predtah,0000507369,xf13292211,40288,850,b410,m020924011,Predtah,0000507369,xf13292211,40288,850,b410,m010924145,Predtah,0000507369,xf13292211,40288,850,b410,m010924146,Predtah,0000507369,xf13292211,40288,850,b410,m020924026,Predtah,0000507369,xf13292211,40288,850,b410,m020924027,Predtah,0000507369,xf13292211,40288,850,b410,m020924024,Predtah,0000507369,xf13292211,40288,850,b410,m020924025,Predtah,0000507369,xf13292211,40288,850,b410,m020924023,Predtah,0000507369,xf13292211,40288,850,b410,m020924032,Predtah,0000507369,xf13292211,40288,850,b410,m020924034,Predtah,0000507369,xf13292211,40288,850,b410,m020924043,Predtah,0000507369,433,70,1ESAB1,0,1,NULL,NULL
122,3,1,7,5,PRP7X2,C,2024-09-03 20:44:41.000,2024-09-03 20:48:55.000,xf13292211,40288,850,b410,m020924058,Predtah,0000507369,xf13292211,40288,850,b410,m310824090,Predtah,0000507369,xf13292211,40288,850,b410,m010924046,Predtah,0000507369,xf13292211,40288,660,b410,m020924066,Predtah,0000507369,xf13292211,40288,850,b410,m010924024,Predtah,0000507369,xf13292211,40288,850,b410,m010924013,Predtah,0000507369,xf13292211,40288,650,b410,m020924063,Predtah,0000507369,xf13292211,40292,850,b410,m030924016,Predtah,0000507370,xf13292211,40292,850,b410,m030924025,Predtah,0000507370,xf13292211,40292,850,b410,m020924149,Predtah,0000507370,xf13292211,40292,850,b410,m030924001,Predtah,0000507370,xf13292211,40292,850,b410,m020924117,Predtah,0000507370,0,0,1ESAB1,0,1,NULL,NULL
123,4,1,7,5,PRP7X2,C,2024-09-03 21:29:21.000,2024-09-05 09:03:19.000,xf13292211,40288,850,b410,m020924058,Predtah,0000507369,xf13292211,40288,850,b410,m310824090,Predtah,0000507369,xf13292211,40288,850,b410,m010924046,Predtah,0000507369,xf13292211,40288,660,b410,m020924066,Predtah,0000507369,xf13292211,40288,850,b410,m010924024,Predtah,0000507369,xf13292211,40288,850,b410,m010924013,Predtah,0000507369,xf13292211,40288,650,b410,m020924063,Predtah,0000507369,xf13292211,40292,850,b410,m030924016,Predtah,0000507370,xf13292211,40292,850,b410,m030924025,Predtah,0000507370,xf13292211,40292,850,b410,m020924149,Predtah,0000507370,xf13292211,40292,850,b410,m030924001,Predtah,0000507370,xf13292211,40292,850,b410,m020924117,Predtah,0000507370,432,241,1ESAB2,0,1,NULL,NULL
"124,4,3,3,2,SAWP3X1,C,2024-09-04 07:06:34.000,2024-09-04 23:00:01.000,XF12345501,56607,1064,b430,2,VD,0000510822,XF12345501,56607,972,b430,2,VD,0000510822,XF12345501,56607,1018,b430,2,VD,0000510822,NULL,NULL,0,NULL,NULL,"" "",NULL,NULL,NULL,0,NULL,NULL,"" "",NULL,NULL,NULL,0,NULL,NULL,"" "",NULL,NULL,NULL,0,NULL,NULL,"" "",NULL,NULL,NULL,0,NULL,NULL,"" "",NULL,NULL,NULL,0,NULL,NULL,"" "",NULL,NULL,NULL,0,NULL,NULL,"" "",NULL,NULL,NULL,0,NULL,NULL,"" "",NULL,NULL,NULL,0,NULL,NULL,"" "",NULL,211,84,1ESAB1,0,1,NULL,NULL"
125,3,4,4,7,prp4x2,B,2024-09-04 09:40:15.000,2024-09-05 19:13:58.000,XF13292211,40292,850,B410,M020924062,Predtah,507370,XF13292211,40292,850,B410,M020924064,Predtah,507370,XF13292211,40292,850,B410,M020924069,Predtah,507370,XF13292211,40292,850,B410,M020924065,Predtah,507370,XF13292211,40292,850,B410,M020924073,Predtah,507370,XF13292211,40292,850,B410,M020924072,Predtah,507370,XF13292211,40292,800,B410,M020924092,Predtah,507370,XF13292211,40292,850,b410,M020924086,Predtah,507370,XF13292211,40292,850,B410,M020924087,Predtah,507370,XF13292211,40292,600,B410,M020924098,Predtah,507370,XF13292211,40292,800,B410,M020924093,Predtah,507370,XF13292211,40292,850,B410,M020924111,Predtah,507370,463,86,1ESAB1,0,1,NULL,NULL
126,3,1,8,11,prp8x2,B,2024-09-04 16:19:43.000,2024-09-05 20:52:16.000,XF13132211M030924130,40962,462,B410,M030924139,NULL,0000510699,XF13132211,40962,523,B410,M030924133,NULL,0000510699,XF13132211,40962,700,B410,M030924130,NULL,0000510699,XF13132211,40962,700,B410,M030924120,NULL,0000510699,XF13132211,40962,700,B410,M030924113,NULL,0000510699,XF13292211,40292,850,B410,M030924037,NULL,0000507370,NULL,NULL,0,NULL,NULL,NULL,NULL,NULL,NULL,0,NULL,NULL,NULL,NULL,NULL,NULL,0,NULL,NULL,NULL,NULL,NULL,NULL,0,NULL,NULL,NULL,NULL,NULL,NULL,0,NULL,NULL,NULL,NULL,NULL,NULL,0,NULL,NULL,NULL,NULL,293,156,1ESAB1,0,1,NULL,NULL
"127,2,4,5,4,prp5x2,B,2024-09-05 05:17:31.000,2024-09-06 09:25:01.000,XF13122211,28059,850,B410,M040924011,Predtah,0000510698,XF13122211,28059,850,B410,M040924006,Predtah,0000510698,XF13122211,28059,850,B410,M040924023,Predtah,0000510698,XF13122211,28059,850,B410,M040924016,Predtah,0000510698,XF13122211,28059,900,B410,M040924038,Predtah,0000510698,XF13122211,28059,850,B410,M040924031,Predtah,0000510698,XF13122211,28059,895,B410,M040924041,Predtah,0000510698,NULL,NULL,0,NULL,NULL,"" "",NULL,NULL,NULL,0,NULL,NULL,"" "",NULL,NULL,NULL,0,NULL,NULL,"" "",NULL,NULL,NULL,0,NULL,NULL,"" "",NULL,NULL,NULL,0,NULL,NULL,"" "",NULL,342,170,1ESAB1,0,1,NULL,NULL"
"128,5,3,3,2,SAWP3X2,A,2024-09-05 02:44:00.000,2024-09-05 18:58:46.000,xf12345501,56607,1000,b430,2,VD,0000510822,xf12345501,56607,1061,b430,2,VD,0000510822,xf12345501,56607,1064,b430,2,VD,0000510822,NULL,NULL,0,NULL,NULL,"" "",NULL,NULL,NULL,0,NULL,NULL,"" "",NULL,NULL,NULL,0,NULL,NULL,"" "",NULL,NULL,NULL,0,NULL,NULL,"" "",NULL,NULL,NULL,0,NULL,NULL,"" "",NULL,NULL,NULL,0,NULL,NULL,"" "",NULL,NULL,NULL,0,NULL,NULL,"" "",NULL,NULL,NULL,0,NULL,NULL,"" "",NULL,NULL,NULL,0,NULL,NULL,"" "",NULL,192,252,1ESAB1,0,1,NULL,NULL"
"129,4,2,1,1,SAWP1X1,D,2024-09-05 12:59:21.000,2024-09-06 03:48:12.000,xf12245501,28623,1016,b430,2,VD,0000510820,xf12245501,28623,1000,b430,2,VD,0000510820,VASPO,NULL,3,NULL,NULL,"" "",NULL,NULL,NULL,0,NULL,NULL,"" "",NULL,NULL,NULL,0,NULL,NULL,"" "",NULL,NULL,NULL,0,NULL,NULL,"" "",NULL,NULL,NULL,0,NULL,NULL,"" "",NULL,NULL,NULL,0,NULL,NULL,"" "",NULL,NULL,NULL,0,NULL,NULL,"" "",NULL,NULL,NULL,0,NULL,NULL,"" "",NULL,NULL,NULL,0,NULL,NULL,"" "",NULL,NULL,NULL,0,NULL,NULL,"" "",NULL,177,52,1ESAB1,0,1,NULL,NULL"
130,5,1,7,5,prp7x3,D,2024-09-05 10:45:40.000,2024-09-06 19:17:22.000,XF13092211,40942,870,B410,M040924052,Predtah,0000510697,XF13092211,40942,870,B410,M040924048,Predtah,0000510697,XF13092211,40942,870,B410,M040924061,Predtah,0000510697,XF13092211,40942,870,B410,M040924059,Predtah,0000510697,XF13092211,40942,530,B410,M050924019,Predtah,0000510697,XF13092211,40942,870,B410,M050924017,Predtah,0000510697,XF13092211,40942,870,B410,M040924114,Predtah,0000510697,XF13092211,40942,870,B410,M040924098,Predtah,0000510697,XF13092211,40942,870,B410,M040924095,Predtah,0000510697,XF13092211,40942,870,B410,M040924082,Predtah,0000510697,XF13092211,40942,870,B410,M040924077,Predtah,0000510697,XF13092211,40942,870,B410,M040924078,Predtah,0000510697,372,98,1ESAB1,0,1,2024-09-06 19:17:22.000,NULL
"131,3,2,2,10,sawp2x1,D,2024-09-05 22:22:27.000,2024-09-06 10:17:21.000,XF12245501,28623,1002,B430,2,VD,0000510820,XF12665501,735145,1122,B430,H050924061,VD,0000510899,XF12665501,683180,1120,B430,H050924065,VD,0000510898,NULL,NULL,0,NULL,NULL,"" "",NULL,NULL,NULL,0,NULL,NULL,"" "",NULL,NULL,NULL,0,NULL,NULL,"" "",NULL,NULL,NULL,0,NULL,NULL,"" "",NULL,NULL,NULL,0,NULL,NULL,"" "",NULL,NULL,NULL,0,NULL,NULL,"" "",NULL,NULL,NULL,0,NULL,NULL,"" "",NULL,NULL,NULL,0,NULL,NULL,"" "",NULL,NULL,NULL,0,NULL,NULL,"" "",NULL,195,40,1ESAB1,0,1,NULL,NULL"
"132,6,1,3,2,66P3X2,A,2024-09-06 06:08:12.000,2024-09-06 21:23:39.000,xf12665500,735145,1044,b485,h050924063,VD,0000510899,xf12665500,735145,1116,b485,h050924062,VD,0000510899,xf12665500,735145,1116,b485,h050924060,VD,0000510899,NULL,NULL,0,NULL,NULL,"" "",NULL,NULL,NULL,0,NULL,NULL,"" "",NULL,NULL,NULL,0,NULL,NULL,"" "",NULL,NULL,NULL,0,NULL,NULL,"" "",NULL,NULL,NULL,0,NULL,NULL,"" "",NULL,NULL,NULL,0,NULL,NULL,"" "",NULL,NULL,NULL,0,NULL,NULL,"" "",NULL,NULL,NULL,0,NULL,NULL,"" "",NULL,NULL,NULL,0,NULL,NULL,"" "",NULL,193,77,1ESAB1,0,1,2024-09-06 21:23:39.000,NULL"
"133,4,3,4,7,PRP4X3,A,2024-09-05 21:03:06.000,2024-09-07 10:08:36.000,xf13262211,40926,850,b410,m050924026,Predtah,0000510700,xf13262211,40926,850,b410,m050924028,Predtah,0000510700,xf13262211,40926,850,b410,m050924030,Predtah,0000510700,xf13262211,40926,850,b410,m050924044,Predtah,0000510700,xf13262211,40926,850,b410,m050924056,Predtah,0000510700,xf13262211,40926,850,b410,m050924058,Predtah,0000510700,xf13262211,40926,850,b410,m050924060,Predtah,0000510700,xf13262211,40926,850,b410,m050924078,Predtah,0000510700,xf13262211,40926,850,b410,m050924079,Predtah,0000510700,xf13262211,40926,850,b410,m050924087,Predtah,0000510700,NULL,NULL,0,b410,NULL,Ostatni,NULL,NULL,NULL,0,NULL,NULL,"" "",NULL,384,147,1ESAB1,0,1,2024-09-07 10:08:36.000,NULL"
"134,5,1,1,1,66P1X2,B,2024-09-06 22:10:13.000,2024-09-09 19:48:50.000,xf12665500,735145,1124,B485,H050924152,VD,0000510899,xf12665500,735145,1042,b485,H060924077,VD,0000510899,NULL,NULL,NULL,NULL,NULL,"" "",NULL,NULL,NULL,0,NULL,NULL,"" "",NULL,NULL,NULL,0,NULL,NULL,"" "",NULL,NULL,NULL,0,NULL,NULL,"" "",NULL,NULL,NULL,0,NULL,NULL,"" "",NULL,NULL,NULL,0,NULL,NULL,"" "",NULL,NULL,NULL,0,NULL,NULL,"" "",NULL,NULL,NULL,0,NULL,NULL,"" "",NULL,NULL,NULL,0,NULL,NULL,"" "",NULL,NULL,NULL,0,NULL,NULL,"" "",NULL,176,63,1ESAB1,0,1,2024-09-09 19:48:50.000,NULL"
"135,3,2,5,4,VASPOP5X1,C,2024-09-06 21:46:51.000,2024-09-07 09:37:13.000,NULL,NULL,160,NULL,NULL,Vaspo,NULL,NULL,NULL,0,NULL,NULL,"" "",NULL,NULL,NULL,0,NULL,NULL,"" "",NULL,NULL,NULL,0,NULL,NULL,"" "",NULL,NULL,NULL,0,NULL,NULL,"" "",NULL,NULL,NULL,0,NULL,NULL,"" "",NULL,NULL,NULL,0,NULL,NULL,"" "",NULL,NULL,NULL,0,NULL,NULL,"" "",NULL,NULL,NULL,0,NULL,NULL,"" "",NULL,NULL,NULL,0,NULL,NULL,"" "",NULL,NULL,NULL,0,NULL,NULL,"" "",NULL,NULL,NULL,0,NULL,NULL,"" "",NULL,141,67,1ESAB1,0,1,2024-09-07 09:37:13.000,NULL"
"136,4,1,2,10,66P2X2,C,2024-09-06 14:26:46.000,2024-09-07 03:49:26.000,xf12665500,735145,1044,b485,h050924064,VD,0000510899,xf12665500,735145,1138,b485,h050924156,VD,0000510899,xf12665500,735145,1120,b485,h050924155,VD,0000510899,NULL,NULL,0,NULL,NULL,"" "",NULL,NULL,NULL,0,NULL,NULL,"" "",NULL,NULL,NULL,0,NULL,NULL,"" "",NULL,NULL,NULL,0,NULL,NULL,"" "",NULL,NULL,NULL,0,NULL,NULL,"" "",NULL,NULL,NULL,0,NULL,NULL,"" "",NULL,NULL,NULL,0,NULL,NULL,"" "",NULL,NULL,NULL,0,NULL,NULL,"" "",NULL,NULL,NULL,0,NULL,NULL,"" "",NULL,181,66,1ESAB1,0,1,2024-09-07 03:49:26.000,NULL"
"137,7,1,3,2,66P3X3,A,2024-09-06 21:23:39.000,2024-09-07 12:19:53.000,XF12665500,735145,1062,B485,H060924078,VD,0000510899,XF12665500,735145,1134,B485,H060924079,VD,0000510899,XF12665500,735145,1120,B485,H060924076,VD,0000510899,NULL,NULL,0,NULL,NULL,"" "",NULL,NULL,NULL,0,NULL,NULL,"" "",NULL,NULL,NULL,0,NULL,NULL,"" "",NULL,NULL,NULL,0,NULL,NULL,"" "",NULL,NULL,NULL,0,NULL,NULL,"" "",NULL,NULL,NULL,0,NULL,NULL,"" "",NULL,NULL,NULL,0,NULL,NULL,"" "",NULL,NULL,NULL,0,NULL,NULL,"" "",NULL,NULL,NULL,0,NULL,NULL,"" "",NULL,182,69,1ESAB1,0,1,2024-09-07 12:19:53.000,NULL"
"138,1,3,6,3,prp6x3,B,2024-09-09 06:21:02.000,2024-09-10 12:50:15.000,XF13262211,40926,850,B410,M050924108,Predtah,0000510700,XF13262211,40926,850,B410,M050924098,Predtah,0000510700,XF13262211,40926,850,B410,M060924001,Predtah,0000510700,XF13262211,40926,850,B410,M060924015,Predtah,0000510700,XF13262211,40926,850,B410,M060924027,Predtah,0000510700,XF13262211,40926,850,B410,M060924038,Predtah,0000510700,XF13262211,40926,850,B410,M060924050,Predtah,0000510700,XF13262211,40926,500,B410,M060924105,Predtah,0000510700,XF13262211,40926,850,B410,M060924097,Predtah,0000510700,XF13262211,40926,410,B410,M060924106,Predtah,0000510700,NULL,NULL,NULL,NULL,NULL,"" "",NULL,NULL,NULL,NULL,NULL,NULL,"" "",NULL,361,209,1ESAB2,0,1,2024-09-10 12:50:15.000,NULL"
"139,6,2,7,5,prp7x4,B,2024-09-09 06:28:12.000,2024-09-10 23:34:42.000,XF13082211,24429,620,B410,M060924129,Predtah,0000510695,XF13082211,24429,700,B410,M060924112,Predtah,0000510695,XF13082211,24429,700,B410,M060924111,Predtah,0000510695,XF13292211,38101,845,B410,M060924130,Predtah,0000510701,XF13292211,38101,845,B410,M070924001,Predtah,0000510701,XF13292211,38101,845,B410,M060924135,Predtah,0000510701,NULL,NULL,NULL,NULL,NULL,"" "",NULL,NULL,NULL,NULL,NULL,NULL,"" "",NULL,NULL,NULL,NULL,NULL,NULL,"" "",NULL,NULL,NULL,NULL,NULL,NULL,"" "",NULL,NULL,NULL,NULL,NULL,NULL,"" "",NULL,NULL,NULL,NULL,NULL,NULL,"" "",NULL,471,175,1ESAB1,0,1,2024-09-10 23:34:42.000,NULL"
140,5,4,4,7,prp4x4,B,2024-09-09 07:50:54.000,2024-09-10 19:20:19.000,XF13292211,38101,845,B410,M070924010,Predtah,0000510701,XF13292211,38101,845,B410,M070924017,Predtah,0000510701,XF13292211,38101,845,B410,M070924035,Predtah,0000510701,XF13292211,38101,845,B410,M070924042,Predtah,0000510701,XF13292211,38101,845,B410,M070924064,Predtah,0000510701,XF13292211,38101,845,B410,M070924050,Predtah,0000510701,XF13292211,38101,845,B410,M070924073,Predtah,0000510701,XF13292211,38101,845,B410,M070924084,Predtah,0000510701,XF13292211,38101,845,B410,M070924098,Predtah,0000510701,XF13292211,38101,845,B410,M070924109,Predtah,0000510701,XF13292211,38101,850,B410,M070924119,Predtah,0000510701,XF13292211,38101,850,B410,M070924118,Predtah,0000510701,498,102,1ESAB1,0,1,2024-09-10 19:20:19.000,NULL
141,4,1,8,11,prp8x3,B,2024-09-09 13:45:14.000,2024-09-11 18:21:30.000,XF13962211,76892,730,B410,M090924027,Predtah,0000511445,XF13962211,76892,750,B410,M090924012,Predtah,0000511445,XF13962211,76892,750,B410,M090924005,Predtah,0000511445,XF13962211,76892,750,B410,M080924099,Predtah,0000511445,XF13312211,59540,510,B410,M080924098,Predtah,0000510703,XF13312211,59540,500,B410,M080924087,Predtah,0000510703,XF13312211,59540,790,B410,M080924086,Predtah,0000510703,XF13312211,59540,850,B410,M080924076,Predtah,0000510703,XF13312211,59540,850,B410,M080924066,Predtah,0000510703,XF13312211,59540,850,B410,M080924064,Predtah,0000510703,XF13312211,59540,850,B410,M080924053,Predtah,0000510703,XF13312211,59540,850,B410,M080924046,Predtah,0000510703,454,366,1ESAB1,0,1,2024-09-11 18:21:30.000,NULL
"142,4,4,5,4,prp5x3,B,2024-09-10 10:48:32.000,2024-09-12 08:10:15.000,XF13962211,76893,780,B410,M090924036,Predtah,0000511446,XF13962211,76893,780,B410,M090924042,Predtah,0000511446,xf13962211,76893,780,b410,m090924047,Predtah,0000511446,xf13962211,76893,800,b410,m090924087,Predtah,0000511446,xf13962211,76893,800,b410,m090924093,Predtah,0000511446,xf13962211,76893,800,b410,m090924102,Predtah,0000511446,xf13962211,76893,800,b410,m100924017,Predtah,0000511446,xf13962211,76893,800,b410,m100924044,Predtah,0000511446,xf13962211,76893,800,b410,m100924045,Predtah,0000511446,xf13962211,76893,750,b410,m100924063,Predtah,0000511446,NULL,NULL,NULL,NULL,NULL,"" "",NULL,NULL,NULL,NULL,NULL,NULL,"" "",NULL,416,239,1ESAB1,0,1,2024-09-12 08:10:15.000,NULL"
"143,8,3,3,2,vaspop3x1,B,2024-09-09 23:01:59.000,2024-09-10 07:34:46.000,NULL,NULL,300,NULL,NULL,Vaspo,NULL,NULL,NULL,NULL,NULL,NULL,"" "",NULL,NULL,NULL,NULL,NULL,NULL,"" "",NULL,NULL,NULL,NULL,NULL,NULL,"" "",NULL,NULL,NULL,NULL,NULL,NULL,"" "",NULL,NULL,NULL,NULL,NULL,NULL,"" "",NULL,NULL,NULL,NULL,NULL,NULL,"" "",NULL,NULL,NULL,NULL,NULL,NULL,"" "",NULL,NULL,NULL,NULL,NULL,NULL,"" "",NULL,NULL,NULL,NULL,NULL,NULL,"" "",NULL,NULL,NULL,NULL,NULL,NULL,"" "",NULL,NULL,NULL,NULL,NULL,NULL,"" "",NULL,125,138,1ESAB1,0,1,2024-09-10 07:34:46.000,NULL"
144,6,3,1,1,PRP1X3,A,2024-09-09 23:01:12.000,2024-09-11 16:14:14.000,xf13292211,737181,860,b410,m080924036,Predtah,0000510702,xf13292211,737181,850,b410,m080924033,Predtah,0000510702,xf13292211,737181,850,b410,m080924052,Predtah,0000510702,xf13292211,737181,850,b410,m080924051,Predtah,0000510702,xf13292211,737181,850,b410,m080924024,Predtah,0000510702,xf13292211,737181,850,b410,m080924010,Predtah,0000510702,xf13292211,737181,850,b410,m080924003,Predtah,0000510702,xf13292211,737181,850,b410,m080924002,Predtah,0000510702,xf13292211,38101,900,b410,m080924001,Predtah,0000510701,xf13292211,38101,870,b410,m070924153,Predtah,0000510701,xf13292211,38101,845,b410,m070924135,Predtah,0000510701,xf13292211,38101,850,b410,m070924120,Predtah,0000510701,414,70,1ESAB1,0,1,2024-09-11 16:14:14.000,NULL
"145,9,2,3,2,16P3X1,B,2024-09-10 21:00:15.000,2024-09-11 23:45:41.000,xf13165500,77022,1006,b485,h100924041,VD,0000513590,xf13165500,77022,998,b485,h100924042,VD,0000513590,NULL,NULL,NULL,NULL,NULL,"" "",NULL,NULL,NULL,NULL,NULL,NULL,"" "",NULL,NULL,NULL,NULL,NULL,NULL,"" "",NULL,NULL,NULL,NULL,NULL,NULL,"" "",NULL,NULL,NULL,NULL,NULL,NULL,"" "",NULL,NULL,NULL,NULL,NULL,NULL,"" "",NULL,NULL,NULL,NULL,NULL,NULL,"" "",NULL,NULL,NULL,NULL,NULL,NULL,"" "",NULL,NULL,NULL,NULL,NULL,NULL,"" "",NULL,NULL,NULL,NULL,NULL,NULL,"" "",NULL,239,278,1ESAB1,0,1,2024-09-12 14:27:41.000,NULL"
"146,5,2,2,10,66P2X3,B,1900-01-01 00:00:00.000,2024-09-11 03:50:27.000,xf12665500,735145,1144,b485,h100924046,VD,0000513721,NULL,NULL,NULL,NULL,NULL,"" "",NULL,NULL,NULL,NULL,NULL,NULL,"" "",NULL,NULL,NULL,NULL,NULL,NULL,"" "",NULL,NULL,NULL,NULL,NULL,NULL,"" "",NULL,NULL,NULL,NULL,NULL,NULL,"" "",NULL,NULL,NULL,NULL,NULL,NULL,"" "",NULL,NULL,NULL,NULL,NULL,NULL,"" "",NULL,NULL,NULL,NULL,NULL,NULL,"" "",NULL,NULL,NULL,NULL,NULL,NULL,"" "",NULL,NULL,NULL,NULL,NULL,NULL,"" "",NULL,NULL,NULL,NULL,NULL,NULL,"" "",NULL,165,55,1ESAB1,0,NULL,2024-09-11 03:50:27.000,NULL"
148,2,1,6,3,prp6x4,B,2024-09-11 05:45:33.000,2024-09-12 17:20:16.000,XF13292211,737181,850,B410,M100924018,Predtah,0000510702,XF13292211,737181,850,B410,M090924098,Predtah,0000510702,XF13292211,737181,850,B410,M100924001,Predtah,0000510702,XF13292211,737181,850,B410,M090924094,Predtah,0000510702,XF13292211,737181,850,B410,M090924026,Predtah,0000510702,XF13292211,737181,850,B410,M090924053,Predtah,0000510702,XF13292211,737181,850,B410,M090924050,Predtah,0000510702,XF13292211,737181,850,B410,M090924045,Predtah,0000510702,XF13292211,737181,850,B410,M090924030,Predtah,0000510702,XF13292211,737181,850,B410,M090924040,Predtah,0000510702,XF13292211,737181,850,B410,M090924035,Predtah,0000510702,XF13292211,737181,850,B410,M080924059,Predtah,0000510702,387,235,1ESAB2,0,1,2024-09-12 17:20:16.000,NULL
149,6,0,4,7,PRP4X5,A,2024-09-11 00:23:41.000,2024-09-12 09:47:38.000,xf13292211,737181,850,b410,m100924064,Predtah,0000510702,xf13292211,737181,850,b410,m100924073,Predtah,0000510702,xf13292211,737181,850,b410,m100924046,Predtah,0000510702,xf13292211,737181,850,b410,m100924047,Predtah,0000510702,xf13292211,737181,850,b410,m100924006,Predtah,0000510702,xf13292211,737181,850,b410,m100924027,Predtah,0000510702,xf13292211,737181,850,b410,m100924080,Predtah,0000510702,xf13292211,737181,850,b410,m100924090,Predtah,0000510702,xf13292211,737181,850,b410,m090924011,Predtah,0000510702,xf13292211,737181,850,b410,m090924090,Predtah,0000510702,xf13292211,737181,850,b410,m080924101,Predtah,0000510702,xf13292211,737181,850,b410,m090924006,Predtah,0000510702,433,78,1ESAB1,0,1,2024-09-12 09:47:38.000,NULL
"152,6,1,2,10,sawp2x2,A,2024-09-12 08:04:17.000,2024-09-13 16:32:34.000,XF13165501,77064,990,B430,2,VD,0000513521,XF13165501,77064,1024,B430,2,VD,0000513521,XF13165501,77064,1022,B430,2,VD,0000513521,NULL,NULL,NULL,NULL,NULL,"" "",NULL,NULL,NULL,NULL,NULL,NULL,"" "",NULL,NULL,NULL,NULL,NULL,NULL,"" "",NULL,NULL,NULL,NULL,NULL,NULL,"" "",NULL,NULL,NULL,NULL,NULL,NULL,"" "",NULL,NULL,NULL,NULL,NULL,NULL,"" "",NULL,NULL,NULL,NULL,NULL,NULL,"" "",NULL,NULL,NULL,NULL,NULL,NULL,"" "",NULL,NULL,NULL,NULL,NULL,NULL,"" "",NULL,240,124,1ESAB1,0,1,2024-09-13 16:32:34.000,NULL"
"153,7,0,7,5,22p7x1,A,2024-09-11 19:00:41.000,2024-09-13 02:20:46.000,XF13225500,76692,1034,B485,H100924045,VD,0000513613,NULL,NULL,NULL,NULL,NULL,"" "",NULL,NULL,NULL,NULL,NULL,NULL,"" "",NULL,NULL,NULL,NULL,NULL,NULL,"" "",NULL,NULL,NULL,NULL,NULL,NULL,"" "",NULL,NULL,NULL,NULL,NULL,NULL,"" "",NULL,NULL,NULL,NULL,NULL,NULL,"" "",NULL,NULL,NULL,NULL,NULL,NULL,"" "",NULL,NULL,NULL,NULL,NULL,NULL,"" "",NULL,NULL,NULL,NULL,NULL,NULL,"" "",NULL,NULL,NULL,NULL,NULL,NULL,"" "",NULL,NULL,NULL,NULL,NULL,NULL,"" "",NULL,316,97,1ESAB1,0,1,2024-09-13 02:20:46.000,NULL"
154,7,0,1,1,prp1x4,C,2024-09-11 18:54:11.000,2024-09-13 08:06:56.000,XF13292211,737181,850,B410,M080924063,Predtah,0000510702,XF13292211,737181,850,B410,M080924065,Predtah,0000510702,XF13292211,737181,850,B410,M080924075,Predtah,0000510702,XF13292211,737181,850,B410,M080924079,Predtah,0000510702,XF13292211,737181,850,B410,M080924080,Predtah,0000510702,XF13292211,737181,850,B410,M080924088,Predtah,0000510702,XF13292211,737181,850,B410,M080924089,Predtah,0000510702,XF13292211,737181,850,B410,M080924100,Predtah,0000510702,XF13292211,737181,850,B410,M100924099,Predtah,0000510702,XF13292211,737181,850,B410,M100924107,Predtah,0000510702,XF13292211,737181,850,B410,M100924141,Predtah,0000510702,XF13292211,737181,850,B410,M100924110,Predtah,0000510702,446,238,1ESAB1,0,1,2024-09-13 08:06:56.000,NULL
"155,5,4,8,11,prp8x4,B,2024-09-11 22:47:43.000,2024-09-13 11:47:20.000,XF13292211,737181,850,B410,M100924143,Predtah,0000510702,XF13292211,737181,560,B410,M100924146,Predtah,0000510702,XF13292211,737181,550,B410,M100924145,Predtah,0000510702,XF13292211,40294,860,B410,M100924144,Predtah,0000510702,XF13292211,40294,875,B410,M100924111,Predtah,0000510702,XF13292211,40294,875,B410,M100924142,Predtah,0000510702,XF13292211,40294,875,B410,M100924108,Predtah,0000510702,XF13292211,40294,875,B410,M100924098,Predtah,0000510702,XF13292211,40294,875,B410,M100924086,Predtah,0000510702,XF13292211,40294,875,B410,M100924079,Predtah,NULL,NULL,NULL,NULL,NULL,NULL,"" "",NULL,NULL,NULL,NULL,NULL,NULL,"" "",NULL,423,263,1ESAB1,0,1,2024-09-13 11:47:20.000,NULL"
"157,5,0,5,4,sawp5x1,C,2024-09-12 22:49:28.000,2024-09-13 12:59:13.000,XF12345501,56607,1055,B430,2,VD,0000513518,XF12345501,56607,1003,B430,2,VD,0000513518,XF12345501,56607,1000,B430,2,VD,0000513518,NULL,NULL,NULL,NULL,NULL,"" "",NULL,NULL,NULL,NULL,NULL,NULL,"" "",NULL,NULL,NULL,NULL,NULL,NULL,"" "",NULL,NULL,NULL,NULL,NULL,NULL,"" "",NULL,NULL,NULL,NULL,NULL,NULL,"" "",NULL,NULL,NULL,NULL,NULL,NULL,"" "",NULL,NULL,NULL,NULL,NULL,NULL,"" "",NULL,NULL,NULL,NULL,NULL,NULL,"" "",NULL,NULL,NULL,NULL,NULL,NULL,"" "",NULL,205,82,1ESAB1,0,1,2024-09-13 12:59:13.000,NULL"
"158,7,3,4,7,sawp4x1,C,2024-09-12 14:57:55.000,2024-09-13 20:00:02.000,XF13165501,77064,1048,B430,2,VD,0000513521,XF13165501,77064,1004,B430,2,VD,0000513521,XF13165501,77064,1046,B430,2,VD,0000513521,NULL,NULL,NULL,NULL,NULL,"" "",NULL,NULL,NULL,NULL,NULL,NULL,"" "",NULL,NULL,NULL,NULL,NULL,NULL,"" "",NULL,NULL,NULL,NULL,NULL,NULL,"" "",NULL,NULL,NULL,NULL,NULL,NULL,"" "",NULL,NULL,NULL,NULL,NULL,NULL,"" "",NULL,NULL,NULL,NULL,NULL,NULL,"" "",NULL,NULL,NULL,NULL,NULL,NULL,"" "",NULL,NULL,NULL,NULL,NULL,NULL,"" "",NULL,324,94,1ESAB2,0,1,2024-09-16 10:31:02.000,NULL"
"159,10,0,3,NULL,NULL,"" "",2024-09-12 14:27:51.000,2024-09-12 15:59:29.000,NULL,NULL,NULL,NULL,NULL,"" "",NULL,NULL,NULL,NULL,NULL,NULL,"" "",NULL,NULL,NULL,NULL,NULL,NULL,"" "",NULL,NULL,NULL,NULL,NULL,NULL,"" "",NULL,NULL,NULL,NULL,NULL,NULL,"" "",NULL,NULL,NULL,NULL,NULL,NULL,"" "",NULL,NULL,NULL,NULL,NULL,NULL,"" "",NULL,NULL,NULL,NULL,NULL,NULL,"" "",NULL,NULL,NULL,NULL,NULL,NULL,"" "",NULL,NULL,NULL,NULL,NULL,NULL,"" "",NULL,NULL,NULL,NULL,NULL,NULL,"" "",NULL,NULL,NULL,NULL,NULL,NULL,"" "",NULL,239,278,1ESAB1,0,1,2024-09-12 15:59:29.000,2024-09-12 14:28:31.193"
"160,11,4,3,8,vaspop3x2,C,2024-09-12 16:53:39.000,2024-09-13 02:20:38.000,NULL,NULL,NULL,NULL,NULL,Vaspo,NULL,NULL,NULL,NULL,NULL,NULL,"" "",NULL,NULL,NULL,NULL,NULL,NULL,"" "",NULL,NULL,NULL,NULL,NULL,NULL,"" "",NULL,NULL,NULL,NULL,NULL,NULL,"" "",NULL,NULL,NULL,NULL,NULL,NULL,"" "",NULL,NULL,NULL,NULL,NULL,NULL,"" "",NULL,NULL,NULL,NULL,NULL,NULL,"" "",NULL,NULL,NULL,NULL,NULL,NULL,"" "",NULL,NULL,NULL,NULL,NULL,NULL,"" "",NULL,NULL,NULL,NULL,NULL,NULL,"" "",NULL,NULL,NULL,NULL,NULL,NULL,"" "",NULL,129,259,1ESAB1,0,1,2024-09-13 02:20:38.000,2024-09-12 16:46:08.993"
162,8,2,7,5,prp7x5,B,2024-09-16 06:34:38.000,2024-09-17 19:34:40.000,XF13292211,38101,850,B410,M120924041,Predtah,0000513592,XF13292211,38101,850,B410,M120924025,Predtah,0000513592,XF13292211,38101,850,B410,M120924017,Predtah,0000513592,XF13292211,38101,850,B410,M110924142,Predtah,0000513592,XF13292211,38101,850,B410,M120924001,Predtah,0000513592,XF13292211,38101,850,B410,M110924153,Predtah,0000513592,XF13292211,38101,850,B410,M110924129,Predtah,0000513592,XF13292211,38101,850,B410,M110924107,Predtah,0000513592,XF13292211,38101,850,B410,M110924120,Predtah,0000513592,XF13292211,38101,850,B410,M110924047,Predtah,0000513592,XF13222211,76692,540,B410,M130924061,Predtah,0000513614,XF13222211,76692,480,B410,M130924066,Predtah,0000513614,433,263,1ESAB1,0,1,2024-09-17 19:34:40.000,2024-09-13 03:45:52.193
"163,8,1,1,1,prp1x5,D,2024-09-16 07:29:16.000,2024-09-17 19:35:27.000,XF13162211,77022,700,B410,M120924133,Predtah,0000513589,XF13162211,77022,700,B410,M120924125,Predtah,0000513589,XF13162211,77022,586,B410,M120924151,Predtah,0000513589,XF13122211,28059,800,B410,M100924148,Predtah,0000513587,XF13122211,28059,800,B410,M100924147,Predtah,0000513587,XF13122211,28059,800,B410,M100924150,Predtah,0000513587,XF13122211,28059,700,B410,M110924014,Predtah,0000513587,XF13122211,28059,800,B410,M110924002,Predtah,0000513587,XF13132211,40962,700,B410,M110924017,Predtah,0000513588,XF13132211,40962,700,B410,M110924018,Predtah,0000513588,XF13132211,40962,610,B410,M110924019,Predtah,0000513588,NULL,NULL,NULL,NULL,NULL,"" "",NULL,400,262,1ESAB2,0,1,2024-09-17 19:35:27.000,2024-09-13 09:28:46.930"
164,6,3,8,11,prp8x5,B,2024-09-16 06:52:48.000,2024-09-18 00:04:30.000,XF13292211,43381,870,B410,M160924018,Predtah,0000513593,XF13292211,43381,850,B410,M150924134,Predtah,0000513593,XF13292211,43381,850,B410,M150924120,Predtah,0000513593,XF13292211,43381,850,B410,M150924108,Predtah,0000513593,XF13292211,43381,850,B410,M150924109,Predtah,0000513593,XF13292211,43381,870,B410,M150924085,Predtah,0000513593,XF13292211,43381,870,B410,M150924041,Predtah,0000513593,XF13292211,43381,870,B410,M150924055,Predtah,0000513593,XF13292211,43381,870,B410,M150924044,Predtah,0000513593,XF13292211,43381,870,B410,M150924078,Predtah,0000513593,XF13292211,43381,870,B410,M150924071,Predtah,0000513593,XF13292211,43381,870,B410,M150924062,Predtah,0000513593,236,58,1ESAB1,0,1,2024-09-18 14:04:30.000,2024-09-13 13:51:32.920
170,3,4,6,3,prp6x5,C,2024-09-16 06:11:12.000,2024-09-17 12:20:11.000,XF13092211,40942,875,B410,M110924015,Predtah,0000513586,XF13092211,40942,875,B410,M110924016,Predtah,0000513586,XF13092211,40942,875,B410,M110924001,Predtah,0000513586,XF13092211,40942,875,B410,M100924149,Predtah,0000513586,XF13092211,40942,875,B410,M110924020,Predtah,0000513586,XF13092211,40942,875,B410,M110924037,Predtah,0000513586,XF13092211,40942,790,B410,M110924048,Predtah,0000513586,XF13262211,40926,700,B410,M110924057,Predtah,0000513591,XF13262211,40926,700,B410,M110924068,Predtah,0000513591,XF13262211,40926,600,B410,M110924079,Predtah,0000513591,NULL,NULL,NULL,NULL,NULL,NULL,NULL,NULL,NULL,NULL,NULL,NULL,NULL,NULL,365,206,1ESAB1,0,1,2024-09-17 12:20:11.000,2024-09-16 06:11:05.310
"171,6,3,5,4,prp5x4,C,2024-09-17 03:29:06.000,2024-09-18 11:28:41.000,XF13292211,38101,850,B410,M130924111,Predtah,0000513592,XF13292211,38101,850,B410,M130924112,Predtah,0000513592,XF13292211,38101,850,B410,M130924128,Predtah,0000513592,XF13292211,38101,850,B410,M140924001,Predtah,0000513592,XF13292211,38101,850,B410,M140924010,Predtah,0000513592,XF13292211,38101,850,B410,M140924016,Predtah,0000513592,XF13292211,38101,850,B410,M140924067,Predtah,0000513592,XF13292211,38101,850,B410,M140924068,Predtah,0000513592,XF13292211,38101,850,B410,M140924069,Predtah,0000513592,NULL,NULL,NULL,NULL,NULL,"" "",NULL,NULL,NULL,NULL,NULL,NULL,"" "",NULL,NULL,NULL,NULL,NULL,NULL,"" "",NULL,442,199,1ESAB1,0,1,2024-09-18 11:28:41.000,2024-09-16 08:29:32.287"
172,8,4,4,7,prp4x6,C,2024-09-16 23:28:15.000,2024-09-18 11:28:09.000,XF13292211,38101,850,B410,M120924050,Predtah,0000513592,XF13292211,38101,850,B410,M110924105,Predtah,0000513592,XF13292211,38101,850,B410,M120924095,Predtah,0000513592,XF13292211,38101,850,B410,M120924085,Predtah,0000513592,XF13292211,38101,850,B410,M110924090,Predtah,0000513592,XF13292211,38101,850,B410,M110924098,Predtah,0000513592,XF13292211,38101,850,B410,M120924071,Predtah,0000513592,XF13292211,38101,850,B410,M120924056,Predtah,0000513592,XF13292211,38101,850,B410,M130924069,Predtah,0000513592,XF13292211,38101,850,B410,M130924078,Predtah,0000513592,XF13292211,38101,850,B410,M130924083,Predtah,0000513592,XF13292211,38101,850,B410,M130924084,Predtah,0000513592,460,250,1ESAB1,0,1,2024-09-18 11:28:09.000,2024-09-16 10:36:31.963
173,4,1,6,3,prp6x6,C,2024-09-17 14:17:27.000,2024-09-19 00:55:11.000,XF13292211,38101,850,B410,M140924093,Predtah,0000513592,XF13292211,38101,850,B410,M150924029,Predtah,0000513592,XF13292211,38101,720,B410,M150924030,Predtah,0000513592,XF13292211,38101,850,B410,M140924049,Predtah,0000513592,XF13292211,38101,850,B410,M140924046,Predtah,0000513592,XF13292211,38101,850,B410,M140924044,Predtah,0000513592,XF13292211,38101,850,B410,M140924041,Predtah,0000513592,XF13292211,38101,850,B410,M140924038,Predtah,0000513592,XF13292211,38101,850,B410,M140924035,Predtah,0000513592,XF13292211,38101,850,B410,M140924033,Predtah,0000513592,XF13292211,38101,850,B410,M140924029,Predtah,0000513592,XF13292211,38101,850,B410,M140924031,Predtah,0000513592,443,225,1ESAB1,0,1,2024-09-19 00:55:11.000,2024-09-17 14:08:15.250
"174,9,1,1,1,prp1x5,D,2024-09-16 07:29:16.000,2024-09-19 11:34:39.000,XF13162211,77022,700,B410,M120924133,Predtah,0000513589,XF13162211,77022,700,B410,M120924125,Predtah,0000513589,XF13162211,77022,586,B410,M120924151,Predtah,0000513589,XF13122211,28059,800,B410,M100924148,Predtah,0000513587,XF13122211,28059,800,B410,M100924147,Predtah,0000513587,XF13122211,28059,800,B410,M100924150,Predtah,0000513587,XF13122211,28059,700,B410,M110924014,Predtah,0000513587,XF13122211,28059,800,B410,M110924002,Predtah,0000513587,XF13132211,40962,700,B410,M110924017,Predtah,0000513588,XF13132211,40962,700,B410,M110924018,Predtah,0000513588,XF13132211,40962,610,B410,M110924019,Predtah,0000513588,NULL,NULL,NULL,NULL,NULL,"" "",NULL,437,226,1ESAB1,0,1,2024-09-19 11:34:39.000,2024-09-17 21:50:43.963"
175,9,2,7,5,prp7x6,B,2024-09-17 21:56:24.000,2024-09-19 06:54:29.000,XF13292211,43381,836,B410,M160924059,Predtah,0000513593,XF13292211,43381,850,B410,M160924060,Predtah,0000513593,XF13292211,43381,860,B410,M160924049,Predtah,0000513593,XF13292211,43381,860,B410,M160924044,Predtah,0000513593,XF13292211,43381,850,B410,M160924067,Predtah,0000513593,XF13292211,43381,850,B410,M160924066,Predtah,0000513593,XF13292211,43381,850,B410,M160924086,Predtah,0000513593,XF13292211,43381,850,B410,M160924084,Predtah,0000513593,XF13292211,43381,850,B410,M160924087,Predtah,0000513593,XF13292211,43381,850,B410,M160924085,Predtah,0000513593,XF13292211,43381,850,B410,M160924097,Predtah,0000513593,XF13292211,43381,850,B410,M160924096,Predtah,0000513593,467,90,1ESAB1,0,1,2024-09-19 06:54:29.000,2024-09-17 21:56:17.010
"176,7,4,2,10,SAWP2X3,A,2024-09-18 17:25:23.000,2024-09-19 20:41:06.000,xf13165501,77096,936,b430,2,VD,0000517050,xf13165501,77096,1034,b430,2,VD,0000517050,xf13165501,77096,934,b430,2,VD,0000517050,NULL,NULL,NULL,NULL,NULL,"" "",NULL,NULL,NULL,NULL,NULL,NULL,"" "",NULL,NULL,NULL,NULL,NULL,NULL,"" "",NULL,NULL,NULL,NULL,NULL,NULL,"" "",NULL,NULL,NULL,NULL,NULL,NULL,"" "",NULL,NULL,NULL,NULL,NULL,NULL,"" "",NULL,NULL,NULL,NULL,NULL,NULL,"" "",NULL,NULL,NULL,NULL,NULL,NULL,"" "",NULL,NULL,NULL,NULL,NULL,NULL,"" "",NULL,340,63,1ESAB1,0,1,2024-09-19 20:41:06.000,2024-09-18 10:11:45.323"
177,9,4,4,7,prp4x6,C,2024-09-18 12:12:33.000,2024-09-18 13:49:54.000,XF13292211,38101,850,B410,M120924050,Predtah,0000513592,XF13292211,38101,850,B410,M110924105,Predtah,0000513592,XF13292211,38101,850,B410,M120924095,Predtah,0000513592,XF13292211,38101,850,B410,M120924085,Predtah,0000513592,XF13292211,38101,850,B410,M110924090,Predtah,0000513592,XF13292211,38101,850,B410,M110924098,Predtah,0000513592,XF13292211,38101,850,B410,M120924071,Predtah,0000513592,XF13292211,38101,850,B410,M120924056,Predtah,0000513592,XF13292211,38101,850,B410,M130924069,Predtah,0000513592,XF13292211,38101,850,B410,M130924078,Predtah,0000513592,XF13292211,38101,850,B410,M130924083,Predtah,0000513592,XF13292211,38101,850,B410,M130924084,Predtah,0000513592,460,250,1ESAB2,0,1,2024-09-18 13:49:54.000,2024-09-18 11:33:36.210
"178,10,0,4,NULL,NULL,"" "",2024-09-18 14:02:11.000,2024-09-19 21:21:58.000,NULL,NULL,NULL,NULL,NULL,"" "",NULL,NULL,NULL,NULL,NULL,NULL,"" "",NULL,NULL,NULL,NULL,NULL,NULL,"" "",NULL,NULL,NULL,NULL,NULL,NULL,"" "",NULL,NULL,NULL,NULL,NULL,NULL,"" "",NULL,NULL,NULL,NULL,NULL,NULL,"" "",NULL,NULL,NULL,NULL,NULL,NULL,"" "",NULL,NULL,NULL,NULL,NULL,NULL,"" "",NULL,NULL,NULL,NULL,NULL,NULL,"" "",NULL,NULL,NULL,NULL,NULL,NULL,"" "",NULL,NULL,NULL,NULL,NULL,NULL,"" "",NULL,NULL,NULL,NULL,NULL,NULL,"" "",NULL,347,218,1ESAB2,0,1,2024-09-19 21:21:58.000,2024-09-18 14:02:55.893"
179,7,3,8,11,prp8x6,B,2024-09-18 03:04:43.000,2024-09-19 11:42:23.000,XF13292211,43381,870,B410,M160924018,Predtah,0000513593,XF13292211,43381,850,B410,M150924134,Predtah,0000513593,XF13292211,43381,850,B410,M150924120,Predtah,0000513593,XF13292211,43381,850,B410,M150924108,Predtah,0000513593,XF13292211,43381,850,B410,M150924109,Predtah,0000513593,XF13292211,43381,870,B410,M150924085,Predtah,0000513593,XF13292211,43381,870,B410,M150924041,Predtah,0000513593,XF13292211,43381,870,B410,M150924055,Predtah,0000513593,XF13292211,43381,870,B410,M150924044,Predtah,0000513593,XF13292211,43381,870,B410,M150924078,Predtah,0000513593,XF13292211,43381,870,B410,M150924071,Predtah,0000513593,XF13292211,43381,870,B410,M150924062,Predtah,0000513593,440,118,1ESAB2,0,1,2024-09-19 11:42:23.000,2024-09-18 14:05:22.570
"180,7,2,5,4,PRP5X5,A,2024-09-18 16:52:03.000,2024-09-19 20:05:27.000,xf13292211,43381,840,b410,m160924116,Predtah,0000513593,xf13292211,43381,580,b410,m170924005,Predtah,0000513593,xf13292211,43381,850,b410,m160924105,Predtah,0000513593,xf13292211,43381,850,b410,m160924061,Predtah,0000513593,xf13292211,43381,800,b410,m160924115,Predtah,0000513593,NULL,NULL,NULL,NULL,NULL,"" "",NULL,NULL,NULL,NULL,NULL,NULL,"" "",NULL,NULL,NULL,NULL,NULL,NULL,"" "",NULL,NULL,NULL,NULL,NULL,NULL,"" "",NULL,NULL,NULL,NULL,NULL,NULL,"" "",NULL,NULL,NULL,NULL,NULL,NULL,"" "",NULL,NULL,NULL,NULL,NULL,NULL,"" "",NULL,342,138,1ESAB1,0,1,2024-09-19 20:05:27.000,2024-09-18 15:02:34.613"
"181,5,3,6,3,prp6x7,C,2024-09-19 03:44:51.000,2024-09-20 11:58:52.000,XF13132211,40962,850,B410,M180924025,Predtah,0000516754,XF13132211,40962,850,B410,M180924027,Predtah,0000516754,XF13132211,40962,850,B410,M180924046,Predtah,0000516754,XF13132211,40962,850,B410,M180924037,Predtah,0000516754,XF13132211,40962,850,B410,M180924061,Predtah,0000516754,XF13132211,40962,850,B410,M180924065,Predtah,0000516754,XF13132211,40962,850,B410,M180924076,Predtah,0000516754,XF13132211,40962,850,B410,M180924082,Predtah,0000516754,XF13132211,40962,850,B410,M180924090,Predtah,0000516754,XF13132211,40962,710,B410,M180924096,Predtah,0000516754,XF13132211,40962,850,B410,M170924103,Predtah,0000516754,NULL,NULL,NULL,NULL,NULL,"" "",NULL,410,212,1ESAB1,0,1,2024-09-20 11:58:52.000,2024-09-19 02:10:57.753"
"182,10,0,7,5,PRP7X7,A,2024-09-26 19:40:04.000,2024-09-28 19:22:23.000,xf13962211,76892,545,b410,m170924010,Predtah,0000516758,xf13962211,76892,525,b410,m170924017,Predtah,0000516758,xf13962211,76962,780,b410,m180924026,Predtah,0000516759,xf13962211,76962,780,b410,m180924035,Predtah,0000516759,xf13962211,76962,780,b410,m170924023,Predtah,0000516759,xf13962211,76962,780,b410,m170924087,Predtah,0000516759,xf13962211,76962,780,b410,m170924070,Predtah,0000516759,xf13962211,76962,780,b410,m180924058,Predtah,0000516759,xf13962211,76962,780,b410,m180924072,Predtah,0000516759,xf13962211,76962,780,b410,m180924091,Predtah,0000516759,xf13962211,76962,790,b410,m180924102,Predtah,0000516759,NULL,NULL,NULL,NULL,NULL,"" "",NULL,478,347,1ESAB2,0,1,2024-09-28 19:22:23.000,2024-09-19 08:24:41.107"
"183,10,0,1,1,PRP1X7,A,2024-09-27 09:00:41.000,2024-09-29 02:53:32.000,xf13312211,59540,780,b410,m180924121,Predtah,0000516757,xf13312211,59540,780,b410,m180924132,Predtah,0000516757,xf13312211,59540,780,b410,m190924006,Predtah,0000516757,xf13312211,59540,700,b410,m190924024,Predtah,0000516757,NULL,NULL,NULL,NULL,NULL,"" "",NULL,NULL,NULL,NULL,NULL,NULL,"" "",NULL,NULL,NULL,NULL,NULL,NULL,"" "",NULL,NULL,NULL,NULL,NULL,NULL,"" "",NULL,NULL,NULL,NULL,NULL,NULL,"" "",NULL,NULL,NULL,NULL,NULL,NULL,"" "",NULL,NULL,NULL,NULL,NULL,NULL,"" "",NULL,NULL,NULL,NULL,NULL,NULL,"" "",NULL,355,238,1ESAB2,0,1,2024-09-29 02:53:32.000,2024-09-19 11:41:35.543"
185,8,0,8,11,PRP8X7,A,2024-09-27 07:30:44.000,2024-09-28 19:51:45.000,xf13292211,43381,850,b410,m190924053,Predtah,0000516756,xf13292211,43381,850,b410,m190924052,Predtah,0000516756,xf13292211,43381,850,b410,m190924065,Predtah,0000516756,xf13292211,43381,850,b410,m190924071,Predtah,0000516756,xf13292211,43381,850,b410,m190924088,Predtah,0000516756,xf13292211,43381,850,b410,m190924099,Predtah,0000516756,xf13292211,43381,850,b410,m190924105,Predtah,0000516756,xf13292211,43381,850,b410,m190924112,Predtah,0000516756,xf13292211,43381,850,b410,m190924123,Predtah,0000516756,XF13292211,43381,850,B410,M190924137,Predtah,0000516756,XF13292211,43381,850,B410,M190924130,Predtah,0000516756,XF13292211,43381,850,B410,M190924120,Predtah,0000516756,461,312,1ESAB1,0,1,2024-09-28 19:51:45.000,2024-09-19 14:53:03.057
"186,8,3,2,10,retezp2x1,C,2024-09-19 22:21:45.000,2024-09-20 13:07:02.000,NULL,NULL,504,NULL,NULL,Kl. retezy,NULL,NULL,NULL,NULL,NULL,NULL,"" "",NULL,NULL,NULL,NULL,NULL,NULL,"" "",NULL,NULL,NULL,NULL,NULL,NULL,"" "",NULL,NULL,NULL,NULL,NULL,NULL,"" "",NULL,NULL,NULL,NULL,NULL,NULL,"" "",NULL,NULL,NULL,NULL,NULL,NULL,"" "",NULL,NULL,NULL,NULL,NULL,NULL,"" "",NULL,NULL,NULL,NULL,NULL,NULL,"" "",NULL,NULL,NULL,NULL,NULL,NULL,"" "",NULL,NULL,NULL,NULL,NULL,NULL,"" "",NULL,NULL,NULL,NULL,NULL,NULL,"" "",NULL,173,118,1ESAB2,0,1,2024-09-20 13:07:02.000,2024-09-19 22:10:40.143"
187,11,0,4,7,prp4x8,C,2024-09-27 06:40:22.000,2024-09-28 16:15:21.000,XF13292211,43381,850,B410,M10924148,Predtah,0000516756,XF13292211,43381,850,B410,M190924151,Predtah,0000516756,XF13292211,43381,850,B410,M200924013,Predtah,0000516756,XF13292211,43381,850,B410,M200924020,Predtah,0000516756,XF13292211,43381,850,B410,M200924027,Predtah,0000516756,XF13292211,43381,850,B410,M200924028,Predtah,0000516756,XF13292211,43381,850,B410,M200924063,Predtah,0000516756,XF13292211,43381,850,B410,M200924058,Predtah,0000516756,XF13292211,43381,850,B410,M200924057,Predtah,0000516756,XF13292211,43381,850,B410,M200924094,Predtah,0000516756,XF13292211,43381,850,B410,M200924085,Predtah,0000516756,XF13292211,43381,850,B410,M200924064,Predtah,0000516756,465,85,1ESAB1,0,1,2024-09-28 16:15:21.000,2024-09-19 23:28:08.790
"188,8,0,5,4,08p5x1,B,2024-09-26 19:45:43.000,2024-09-27 14:00:54.000,XF13085500,44671,1012,B485,H200924064,VD,0000517806,XF13085500,44671,1038,B485,H200924061,VD,0000517806,NULL,NULL,NULL,NULL,NULL,"" "",NULL,NULL,NULL,NULL,NULL,NULL,"" "",NULL,NULL,NULL,NULL,NULL,NULL,"" "",NULL,NULL,NULL,NULL,NULL,NULL,"" "",NULL,NULL,NULL,NULL,NULL,NULL,"" "",NULL,NULL,NULL,NULL,NULL,NULL,"" "",NULL,NULL,NULL,NULL,NULL,NULL,"" "",NULL,NULL,NULL,NULL,NULL,NULL,"" "",NULL,NULL,NULL,NULL,NULL,NULL,"" "",NULL,NULL,NULL,NULL,NULL,NULL,"" "",NULL,242,70,1ESAB2,0,1,2024-09-27 15:29:54.000,2024-09-20 11:40:49.107"
"189,6,0,6,3,086x1p,B,2024-09-26 19:45:29.000,2024-09-27 12:00:43.000,XF13085500,44671,1012,B485,H200924062,VD,0000517806,XF13085500,44671,1068,B485,H200924065,VD,0000517806,XF13085500,44671,1054,B485,H200924063,VD,0000517806,NULL,NULL,NULL,NULL,NULL,"" "",NULL,NULL,NULL,NULL,NULL,NULL,"" "",NULL,NULL,NULL,NULL,NULL,NULL,"" "",NULL,NULL,NULL,NULL,NULL,NULL,"" "",NULL,NULL,NULL,NULL,NULL,NULL,"" "",NULL,NULL,NULL,NULL,NULL,NULL,"" "",NULL,NULL,NULL,NULL,NULL,NULL,"" "",NULL,NULL,NULL,NULL,NULL,NULL,"" "",NULL,NULL,NULL,NULL,NULL,NULL,"" "",NULL,224,68,1ESAB2,0,1,2024-09-27 15:30:43.000,2024-09-20 13:41:02.093"
"190,9,0,2,10,08p2x2,B,2024-09-26 20:00:57.000,2024-09-27 13:30:09.000,XF13085500,44671,1030,B485,H200924080,VD,0000517806,XF13085500,44671,1014,B485,H200924066,VD,0000517806,NULL,NULL,NULL,NULL,NULL,"" "",NULL,NULL,NULL,NULL,NULL,NULL,"" "",NULL,NULL,NULL,NULL,NULL,NULL,"" "",NULL,NULL,NULL,NULL,NULL,NULL,"" "",NULL,NULL,NULL,NULL,NULL,NULL,"" "",NULL,NULL,NULL,NULL,NULL,NULL,"" "",NULL,NULL,NULL,NULL,NULL,NULL,"" "",NULL,NULL,NULL,NULL,NULL,NULL,"" "",NULL,NULL,NULL,NULL,NULL,NULL,"" "",NULL,NULL,NULL,NULL,NULL,NULL,"" "",NULL,228,88,1ESAB2,0,1,2024-09-27 15:27:09.000,2024-09-20 13:52:43.060"
191,9,1,5,4,PRP5X6,D,2024-09-30 06:48:10.000,2024-10-01 15:59:14.000,xf13292211,43381,850,b410,m220924038,Predtah,0000516756,xf13292211,43381,850,b410,m220924028,Predtah,0000516756,xf13292211,43381,850,b410,m220924027,Predtah,0000516756,xf13292211,43381,850,b410,m220924016,Predtah,0000516756,xf13292211,43381,850,b410,m220924015,Predtah,0000516756,xf13292211,43381,850,b410,m220924010,Predtah,0000516756,xf13292211,43381,850,b410,m220924001,Predtah,0000516756,xf13292211,43381,850,b410,m210924138,Predtah,0000516756,xf13292211,43381,850,b410,m210924124,Predtah,0000516756,xf13292211,43381,850,b410,m210924110,Predtah,0000516756,xf13292211,43381,850,b410,m210924101,Predtah,0000516756,xf13292211,43381,850,b410,m210924084,Predtah,0000516756,439,221,1ESAB1,0,1,2024-10-01 15:59:14.000,2024-09-27 18:36:31.290
192,7,3,6,3,PRP6X8,D,2024-09-30 06:56:36.000,2024-10-01 17:10:34.000,xf13292211,43381,850,b410,m210924062,Predtah,0000516756,xf13292211,43381,850,b410,m210924048,Predtah,0000516756,xf13292211,43381,850,b410,m210924063,Predtah,0000516756,xf13292211,43381,850,b410,m230924001,Predtah,0000516756,xf13292211,43381,850,b410,m220924118,Predtah,0000516756,xf13292211,43381,850,b410,m220924098,Predtah,0000516756,xf13292211,43381,850,b410,m220924088,Predtah,0000516756,xf13292211,43381,850,b410,m220924089,Predtah,0000516756,xf13292211,43381,850,b410,m220924071,Predtah,0000516756,xf13292211,43381,850,b410,m220924064,Predtah,0000516756,xf13292211,43381,850,b410,m220924053,Predtah,0000516756,xf13292211,43381,850,b410,m220924039,Predtah,0000516756,457,227,1ESAB1,0,1,2024-10-01 17:10:34.000,2024-09-27 18:42:30.020
"193,12,2,4,7,PRP4X9,D,2024-09-30 06:36:51.000,2024-10-02 04:07:42.000,xf13082211m280924016,44671,725,b410,m280924022,Predtah,0000517810,xf13082211,44671,700,b410,m280924016,Predtah,0000517810,xf13082211,44671,645,b410,m280924008,Predtah,0000517810,xf13082211,44671,850,b410,m280924003,Predtah,0000517810,xf13082211,44671,850,b410,m270924070,Predtah,0000517810,xf13082211,44671,850,b410,m270924065,Predtah,0000517810,xf13082211,44671,850,b410,m270924060,Predtah,0000517810,xf13082211,44671,850,b410,m270924053,Predtah,0000517810,xf13082211,44671,850,b410,m270924048,Predtah,0000517810,NULL,NULL,NULL,NULL,NULL,"" "",NULL,NULL,NULL,NULL,NULL,NULL,"" "",NULL,NULL,NULL,NULL,NULL,NULL,"" "",NULL,511,192,1ESAB1,0,1,2024-10-02 04:07:42.000,2024-09-28 19:16:43.600"
194,9,4,8,11,PRP8X1,A,2024-10-01 03:58:50.000,2024-10-02 16:10:39.000,xf13292211,43381,850,b410,m280924084,Predtah,0000516756,xf13292211,43381,850,b410,m280924079,Predtah,0000516756,xf13292211,43381,850,b410,m280924071,Predtah,0000516756,xf13292211,43381,850,b410,m280924067,Predtah,0000516756,xf13292211,43381,850,b410,m280924054,Predtah,0000516756,xf13292211,43381,850,b410,m280924048,Predtah,0000516756,xf13292211,43381,850,b410,m280924042,Predtah,0000516756,xf13292211,43381,850,b410,m270924042,Predtah,0000516756,xf13292211,43381,850,b410,m270924038,Predtah,0000516756,xf13292211,43381,850,b410,m270924027,Predtah,0000516756,xf13292211,43381,850,b410,m270924023,Predtah,0000516756,xf13292211,43381,850,b410,m200924107,Predtah,0000516756,410,254,1ESAB1,0,1,2024-10-02 16:10:39.000,2024-09-28 22:20:04.177
195,11,4,7,5,PRP7X8,A,2024-09-30 07:11:59.000,2024-10-01 20:15:55.000,xf13292211,43381,850,b410,m270924008,Predtah,0000516756,xf13292211,43381,850,b410,m210924047,Predtah,0000516756,xf13292211,43381,850,b410,m210924033,Predtah,0000516756,xf13292211,43381,850,b410,m210924032,Predtah,0000516756,xf13292211,43381,850,b410,m210924021,Predtah,0000516756,xf13292211,43381,850,b410,m210924018,Predtah,0000516756,xf13292211,43381,850,b410,m200924142,Predtah,0000516756,xf13292211,43381,850,b410,m200924126,Predtah,0000516756,xf13292211,43381,850,b410,m200924114,Predtah,0000516756,xf13292511,40294,700,b410,m290924050,Predtah,0000521578,xf13292511,40294,700,b410,m290924054,Predtah,0000521578,xf13292511,40294,640,b410,m290924055,Predtah,0000521578,254,54,1ESAB2,0,1,2024-10-02 08:15:55.000,2024-09-29 02:52:34.050
196,10,3,2,10,PRP2X1,A,2024-10-01 02:31:42.000,2024-10-02 14:36:05.000,xf13292211,43381,620,b410,m290924025,Predtah,0000516756,xf13292211,43381,850,b410,m290924031,Predtah,0000516756,xf13292211,43381,850,b410,m290924042,Predtah,0000516756,xf13292211,43381,850,b410,m290924051,Predtah,0000516756,xf13292211,43381,850,b410,m290924052,Predtah,0000516756,xf13292211,43381,850,b410,m290924068,Predtah,0000516756,xf13292211,43381,850,b410,m290924071,Predtah,0000516756,xf13292211,43381,850,b410,m290924074,Predtah,0000516756,xf13292211,43381,850,b410,m300924017,Predtah,0000516756,xf13292211,43381,850,b410,m300924018,Predtah,0000516756,xf13292211,43381,850,b410,m300924032,Predtah,0000516756,xf13292211,43381,850,b410,m300924082,Predtah,0000516756,429,246,1ESAB1,0,1,2024-10-02 14:36:05.000,2024-09-30 18:53:12.340
"197,11,1,1,1,DRATP1X1,A,2024-10-01 00:37:52.000,2024-10-01 10:30:36.000,NULL,NULL,NULL,NULL,NULL,Dratovny,NULL,NULL,NULL,NULL,NULL,NULL,"" "",NULL,NULL,NULL,NULL,NULL,NULL,"" "",NULL,NULL,NULL,NULL,NULL,NULL,"" "",NULL,NULL,NULL,NULL,NULL,NULL,"" "",NULL,NULL,NULL,NULL,NULL,NULL,"" "",NULL,NULL,NULL,NULL,NULL,NULL,"" "",NULL,NULL,NULL,NULL,NULL,NULL,"" "",NULL,NULL,NULL,NULL,NULL,NULL,"" "",NULL,NULL,NULL,NULL,NULL,NULL,"" "",NULL,NULL,NULL,NULL,NULL,NULL,"" "",NULL,NULL,NULL,NULL,NULL,NULL,"" "",NULL,0,0,1ESAB2,0,1,2024-10-01 11:54:36.000,2024-09-30 19:40:22.650"
"198,12,1,3,8,08P3X1,B,2024-10-01 17:07:30.000,2024-10-02 10:42:22.000,xf13085500,24429,1018,b485,h011024049,VD,0000522056,NULL,NULL,NULL,NULL,NULL,"" "",NULL,NULL,NULL,NULL,NULL,NULL,"" "",NULL,NULL,NULL,NULL,NULL,NULL,"" "",NULL,NULL,NULL,NULL,NULL,NULL,"" "",NULL,NULL,NULL,NULL,NULL,NULL,"" "",NULL,NULL,NULL,NULL,NULL,NULL,"" "",NULL,NULL,NULL,NULL,NULL,NULL,"" "",NULL,NULL,NULL,NULL,NULL,NULL,"" "",NULL,NULL,NULL,NULL,NULL,NULL,"" "",NULL,NULL,NULL,NULL,NULL,NULL,"" "",NULL,NULL,NULL,NULL,NULL,NULL,"" "",NULL,173,437,1ESAB1,0,1,2024-10-02 10:42:22.000,2024-10-01 09:55:57.610"
"199,12,1,1,1,66P1X1,B,2024-10-01 11:57:04.000,2024-10-01 21:56:50.000,xf12665500,728590,1186,b485,h011024051,VD,0000522081,xf12665500,728590,1190,b485,h011024050,VD,0000522081,NULL,NULL,NULL,NULL,NULL,"" "",NULL,NULL,NULL,NULL,NULL,NULL,"" "",NULL,NULL,NULL,NULL,NULL,NULL,"" "",NULL,NULL,NULL,NULL,NULL,NULL,"" "",NULL,NULL,NULL,NULL,NULL,NULL,"" "",NULL,NULL,NULL,NULL,NULL,NULL,"" "",NULL,NULL,NULL,NULL,NULL,NULL,"" "",NULL,NULL,NULL,NULL,NULL,NULL,"" "",NULL,NULL,NULL,NULL,NULL,NULL,"" "",NULL,NULL,NULL,NULL,NULL,NULL,"" "",NULL,157,54,1ESAB2,0,1,2024-10-01 21:56:50.000,2024-10-01 11:57:08.677"
201,8,4,6,3,PRP6X1,A,2024-10-01 17:10:42.000,2024-10-03 08:37:10.000,xf13292211,43381,850,b410,m300924033,Predtah,0000516756,xf13292211,43381,850,b410,m300924053,Predtah,0000516756,xf13292211,43381,850,b410,m300924052,Predtah,0000516756,xf13292211,43381,850,b410,m300924106,Predtah,0000516756,xf13292211,43381,850,b410,m300924075,Predtah,0000516756,xf13292211,43381,850,b410,m300924125,Predtah,0000516756,xf13292211,43381,850,b410,m300924113,Predtah,0000516756,xf13292211,43381,850,b410,m300924134,Predtah,0000516756,xf13292211,43381,850,b410,m011024009,Predtah,0000516756,xf13292211,43381,850,b410,m300924150,Predtah,0000516756,xf13292211,43381,850,b410,m011024025,Predtah,0000516756,xf13292211,43381,850,b410,m011024016,Predtah,0000516756,428,223,1ESAB1,0,1,2024-10-03 08:37:10.000,2024-10-01 17:10:42.607
"202,13,1,1,1,SAWP1X1,A,2024-10-02 03:04:05.000,2024-10-02 16:06:09.000,xf12245500,28624,1032,b485,h011024046,VD,0000522015,xf12245500,28624,976,b485,h011024048,VD,0000522015,xf12245500,28624,1024,b485,h011024047,VD,0000522015,NULL,NULL,NULL,NULL,NULL,"" "",NULL,NULL,NULL,NULL,NULL,NULL,"" "",NULL,NULL,NULL,NULL,NULL,NULL,"" "",NULL,NULL,NULL,NULL,NULL,NULL,"" "",NULL,NULL,NULL,NULL,NULL,NULL,"" "",NULL,NULL,NULL,NULL,NULL,NULL,"" "",NULL,NULL,NULL,NULL,NULL,NULL,"" "",NULL,NULL,NULL,NULL,NULL,NULL,"" "",NULL,NULL,NULL,NULL,NULL,NULL,"" "",NULL,158,58,1ESAB2,0,1,2024-10-02 16:06:09.000,2024-10-02 02:31:42.387"
"203,13,1,4,7,prp4x1,D,2024-10-02 09:46:29.000,2024-10-03 14:15:30.000,xf13292211,43381,850,b410,m011024108,Predtah,0000516756,xf13292211,43381,895,b410,m011024111,Predtah,0000516756,xf13292211,43381,850,b410,m011024117,Predtah,0000516756,xf13292211,43381,483,b410,m011024128,Predtah,0000516756,NULL,NULL,NULL,NULL,NULL,"" "",NULL,NULL,NULL,NULL,NULL,NULL,"" "",NULL,NULL,NULL,NULL,NULL,NULL,"" "",NULL,NULL,NULL,NULL,NULL,NULL,"" "",NULL,NULL,NULL,NULL,NULL,NULL,"" "",NULL,NULL,NULL,NULL,NULL,NULL,"" "",NULL,NULL,NULL,NULL,NULL,NULL,"" "",NULL,NULL,NULL,NULL,NULL,NULL,"" "",NULL,305,184,1ESAB2,0,1,2024-10-03 14:15:30.000,2024-10-02 06:54:13.953"
204,12,3,7,5,prp7x1,D,2024-10-01 22:00:06.000,2024-10-03 09:42:08.000,xf13292211,43381,850,b410,m011024037,Predtah,0000516756,xf13292211,43381,850,b410,m011024038,Predtah,0000516756,xf13292211,43381,850,b410,m011024053,Predtah,0000516756,xf13292211,43381,850,b410,m011024054,Predtah,0000516756,xf13292211,43381,850,b410,m011024061,Predtah,0000516756,xf13292211,43381,850,b410,m011024084,Predtah,0000516756,xf13292211,43381,850,b410,m011024085,Predtah,0000516756,xf13292211,43381,850,b410,m011024083,Predtah,0000516756,xf13292211,43381,850,b410,m011024100,Predtah,0000516756,xf13292211,43381,850,b410,m011024101,Predtah,0000516756,xf13292211,43381,850,b410,m011024086,Predtah,0000516756,xf13292211,43381,850,b410,m011024087,Predtah,0000516756,436,222,1ESAB1,0,1,2024-10-03 09:42:08.000,2024-10-02 08:16:05.860
"205,11,4,2,10,prp2x2,D,2024-10-02 16:55:18.000,2024-10-03 22:31:34.000,XF13092211,43461,850,B410,M011024133,Predtah,0000522489,XF13092211,43461,850,B410,M011024122,Predtah,0000522489,XF13092211,43461,850,B410,M021024002,Predtah,0000522489,XF13092211,43461,850,B410,M021024010,Predtah,0000522489,XF13092211,43461,850,B410,M021024021,Predtah,0000522489,XF13092211,43461,850,B410,M021024026,Predtah,0000522489,XF13092211,43461,500,B410,M021024058,Predtah,0000522489,XF13092211,43461,570,B410,M021024069,Predtah,0000522489,NULL,NULL,NULL,NULL,NULL,"" "",NULL,NULL,NULL,NULL,NULL,NULL,"" "",NULL,NULL,NULL,NULL,NULL,NULL,"" "",NULL,NULL,NULL,NULL,NULL,NULL,"" "",NULL,325,222,1ESAB1,0,1,2024-10-03 22:31:34.000,2024-10-02 16:55:18.433"
206,10,2,5,4,prp5x1,B,2024-10-01 17:07:35.000,2024-10-03 01:28:09.000,XF13292211,43381,850,B410,M011024078,Predtah,0000516756,XF13292211,43381,850,B410,M011024076,Predtah,0000516756,XF13292211,43381,850,B410,M011024077,Predtah,0000516756,XF13292211,43381,850,B410,M011024075,Predtah,0000516756,XF13292211,43381,850,B410,M011024066,Predtah,0000516756,XF13292211,43381,850,B410,M011024062,Predtah,0000516756,XF13292211,43381,850,B410,M011024065,Predtah,0000516756,NULL,NULL,NULL,NULL,NULL,Dratovny,NULL,NULL,NULL,NULL,NULL,NULL,Dratovny,NULL,NULL,NULL,NULL,NULL,NULL,Dratovny,NULL,NULL,NULL,NULL,NULL,NULL,Dratovny,NULL,NULL,NULL,NULL,NULL,NULL,Dratovny,NULL,455,203,1ESAB1,0,1,2024-10-03 01:28:09.000,2024-10-02 18:14:01.193
207,11,2,5,4,prp5x2,D,2024-10-03 06:38:08.000,2024-10-04 14:12:11.000,XF13262211,40926,850,B410,M021024128,Predtah,0000522493,XF13262211,40926,850,B410,M021024121,Predtah,0000522493,XF13262211,40926,850,B410,M021024119,Predtah,0000522493,XF13262211,40926,850,B410,M021024104,Predtah,0000522493,XF13262211,40926,850,B410,M021024093,Predtah,0000522493,XF13262211,40926,850,B410,M021024070,Predtah,0000522493,XF13262211,40926,850,B410,M021024079,Predtah,0000522493,XF13262211,40926,850,B410,M021024076,Predtah,0000522493,XF13262211,40926,850,B410,M031024014,Predtah,0000522493,XF13262211,40926,850,B410,M031024013,Predtah,0000522493,XF13262211,40926,850,B410,M031024025,Predtah,0000522493,XF13262211,40926,850,B410,M031024026,Predtah,0000522493,439,218,1ESAB1,0,1,2024-10-04 14:12:11.000,2024-10-03 04:35:18.467
"208,9,0,6,2,pokus,D,2024-10-03 13:21:07.000,2024-10-03 13:24:44.000,6,4,5,5,5,VD,1,NULL,NULL,NULL,NULL,NULL,"" "",NULL,NULL,NULL,NULL,NULL,NULL,"" "",NULL,NULL,NULL,NULL,NULL,NULL,"" "",NULL,NULL,NULL,NULL,NULL,NULL,"" "",NULL,NULL,NULL,NULL,NULL,NULL,"" "",NULL,NULL,NULL,NULL,NULL,NULL,"" "",NULL,NULL,NULL,NULL,NULL,NULL,"" "",NULL,NULL,NULL,NULL,NULL,NULL,"" "",NULL,NULL,NULL,NULL,NULL,NULL,"" "",NULL,NULL,NULL,NULL,NULL,NULL,"" "",NULL,NULL,NULL,NULL,NULL,NULL,"" "",NULL,0,0,1ESAB1,0,1,2024-10-03 13:24:44.000,2024-10-03 13:12:52.443"
"209,10,4,6,11,test2,D,2024-10-03 13:40:43.000,2024-10-03 13:43:16.000,1,2,12,4,4,VD,7,1,2,2,4,4,VD,7,1,2,2,4,4,VD,7,NULL,NULL,NULL,NULL,NULL,"" "",NULL,NULL,NULL,NULL,NULL,NULL,"" "",NULL,NULL,NULL,NULL,NULL,NULL,"" "",NULL,NULL,NULL,NULL,NULL,NULL,"" "",NULL,NULL,NULL,NULL,NULL,NULL,"" "",NULL,NULL,NULL,NULL,NULL,NULL,"" "",NULL,NULL,NULL,NULL,NULL,NULL,"" "",NULL,NULL,NULL,NULL,NULL,NULL,"" "",NULL,NULL,NULL,NULL,NULL,NULL,"" "",NULL,0,0,1ESAB1,0,1,2024-10-03 13:43:16.000,2024-10-03 13:32:25.067"
"210,11,4,6,11,test2,D,2024-10-03 13:51:29.000,2024-10-03 13:52:54.000,1,2,12,4,4,VD,7,1,2,2,4,4,VD,7,1,2,2,4,4,VD,7,NULL,NULL,NULL,NULL,NULL,"" "",NULL,NULL,NULL,NULL,NULL,NULL,"" "",NULL,NULL,NULL,NULL,NULL,NULL,"" "",NULL,NULL,NULL,NULL,NULL,NULL,"" "",NULL,NULL,NULL,NULL,NULL,NULL,"" "",NULL,NULL,NULL,NULL,NULL,NULL,"" "",NULL,NULL,NULL,NULL,NULL,NULL,"" "",NULL,NULL,NULL,NULL,NULL,NULL,"" "",NULL,NULL,NULL,NULL,NULL,NULL,"" "",NULL,0,0,1ESAB2,0,1,2024-10-03 13:52:54.000,2024-10-03 13:44:16.363"
211,14,2,4,7,prp4x2,B,2024-10-04 03:39:21.000,2024-10-05 09:59:45.000,XF13262211,40926,700,B410,M031024065,Predtah,0000522493,XF13262211,40926,850,B410,M031024054,Predtah,0000522493,XF13262211,40926,850,B410,M031024049,Predtah,0000522493,XF13262211,40926,850,B410,M031024048,Predtah,0000522493,XF13262211,40926,850,B410,M031024027,Predtah,0000522493,XF13262211,40926,760,B410,M031024082,Predtah,0000522493,XF13262211,40926,850,B410,M031024099,Predtah,0000522492,XF13262211,40926,850,B410,M031024113,Predtah,0000522492,XF13262211,40926,850,B410,M031024118,Predtah,0000522492,XF13262211,40926,850,B410,M041024006,Predtah,0000522492,XF13262211,40926,850,B410,M041024017,Predtah,0000522492,XF13262211,40926,850,B410,M041024005,Predtah,0000522492,412,90,1ESAB1,0,1,2024-10-05 09:59:45.000,2024-10-03 15:29:17.630
"212,13,1,3,8,retep3x1,A,2024-10-04 12:24:17.000,2024-10-05 07:04:09.000,NULL,NULL,180,NULL,NULL,Kl. retezy,NULL,NULL,NULL,180,NULL,NULL,Kl. retezy,NULL,NULL,NULL,NULL,NULL,NULL,"" "",NULL,NULL,NULL,NULL,NULL,NULL,"" "",NULL,NULL,NULL,NULL,NULL,NULL,"" "",NULL,NULL,NULL,NULL,NULL,NULL,"" "",NULL,NULL,NULL,NULL,NULL,NULL,"" "",NULL,NULL,NULL,NULL,NULL,NULL,"" "",NULL,NULL,NULL,NULL,NULL,NULL,"" "",NULL,NULL,NULL,NULL,NULL,NULL,"" "",NULL,NULL,NULL,NULL,NULL,NULL,"" "",NULL,NULL,NULL,NULL,NULL,NULL,"" "",NULL,214,359,1ESAB1,0,1,2024-10-05 07:04:09.000,2024-10-04 10:47:31.700"
"213,12,1,2,10,PRP2X3,D,2024-10-07 06:23:30.000,2024-10-08 08:09:49.000,XF13262211,40926,850,B410,M041024044,Predtah,0000522492,XF13262211,40926,850,B410,M041024043,Predtah,0000522492,XF13262211,40926,204,B410,M041024053,Predtah,0000522492,XF13122211,28059,750,B410,M041024075,Predtah,0000522490,NULL,NULL,NULL,NULL,NULL,"" "",NULL,NULL,NULL,NULL,NULL,NULL,"" "",NULL,NULL,NULL,NULL,NULL,NULL,"" "",NULL,NULL,NULL,NULL,NULL,NULL,"" "",NULL,NULL,NULL,NULL,NULL,NULL,"" "",NULL,NULL,NULL,NULL,NULL,NULL,"" "",NULL,NULL,NULL,NULL,NULL,NULL,"" "",NULL,NULL,NULL,NULL,NULL,NULL,"" "",NULL,279,175,1ESAB1,0,1,2024-10-08 08:09:49.000,2024-10-04 13:43:03.177"
"214,13,2,7,5,PRP7X2,D,2024-10-07 06:41:12.000,2024-10-08 13:16:16.000,xf13132211,40962,865,b410,m041024122,Predtah,0000522491,xf13132211,40962,865,b410,m041024123,Predtah,0000522491,xf13132211,40962,865,b410,m041024142,Predtah,0000522491,xf13132211,40962,900,b410,m051024009,Predtah,0000522491,xf13132211,40962,865,b410,m041024109,Predtah,0000522491,xf13132211,40962,865,b410,m041024106,Predtah,0000522491,xf13132211,40962,865,b410,m041024108,Predtah,0000522491,xf13122211,28059,710,b410,m041024093,Predtah,0000522490,xf13122211,28059,750,b410,m041024084,Predtah,0000522490,xf13122211,28059,750,b410,m041024081,Predtah,0000522490,NULL,NULL,NULL,NULL,NULL,"" "",NULL,NULL,NULL,NULL,NULL,NULL,"" "",NULL,454,204,1ESAB1,0,1,2024-10-08 13:16:16.000,2024-10-05 03:00:49.063"
215,12,4,5,4,PRP5X3,D,2024-10-07 06:40:42.000,2024-10-09 10:00:21.000,xf13292211,43381,850,b410,m041024141,Predtah,0000522494,xf13292211,43381,850,b410,m041024140,Predtah,0000522494,xf13292211,43381,850,b410,m041024120,Predtah,0000522494,xf13292211,43381,850,b410,m041024121,Predtah,0000522494,xf13292211,43381,850,b410,m041024111,Predtah,0000522494,xf13292211,43381,850,b410,m041024107,Predtah,0000522494,xf13292211,43381,850,b410,m041024110,Predtah,0000522494,xf13292211,43381,850,b410,m041024092,Predtah,0000522494,xf13292211,43381,850,b410,m041024080,Predtah,0000522494,xf13292211,43381,850,b410,m041024067,Predtah,0000522494,xf13082211,24429,500,b410,m041024057,Predtah,0000522059,xf13082211,24429,501,b410,m041024062,Predtah,0000522059,507,319,1ESAB2,0,1,2024-10-09 10:00:21.000,2024-10-05 03:16:17.043
216,15,3,4,7,PRP4X3,D,2024-10-07 14:24:59.000,2024-10-09 02:13:18.000,xf13292211,43381,850,b410,m051024008,Predtah,0000522494,xf13292211,43381,850,b410,m051024024,Predtah,0000522494,xf13292211,43381,850,b410,m051024007,Predtah,0000522494,xf13292211,43381,850,b410,m051024037,Predtah,0000522494,xf13292211,43381,850,b410,m051024049,Predtah,0000522494,xf13292211,43381,850,b410,m051024060,Predtah,0000522494,xf13292211,43381,850,b410,m051024070,Predtah,0000522494,xf13292211,43381,850,b410,m051024083,Predtah,0000522494,xf13292211,43381,850,b410,m051024107,Predtah,0000522494,xf13292211,43381,850,b410,m061024104,Predtah,0000522494,xf13292211,43381,850,b410,m061024095,Predtah,0000522494,xf13292211,43381,850,b410,m061024106,Predtah,0000522494,476,247,1ESAB1,0,1,2024-10-09 02:13:18.000,2024-10-07 07:43:16.333
"217,14,0,1,NULL,NULL,"" "",2024-10-07 10:02:10.000,2024-10-07 10:41:49.000,NULL,NULL,NULL,NULL,NULL,"" "",NULL,NULL,NULL,NULL,NULL,NULL,"" "",NULL,NULL,NULL,NULL,NULL,NULL,"" "",NULL,NULL,NULL,NULL,NULL,NULL,"" "",NULL,NULL,NULL,NULL,NULL,NULL,"" "",NULL,NULL,NULL,NULL,NULL,NULL,"" "",NULL,NULL,NULL,NULL,NULL,NULL,"" "",NULL,NULL,NULL,NULL,NULL,NULL,"" "",NULL,NULL,NULL,NULL,NULL,NULL,"" "",NULL,NULL,NULL,NULL,NULL,NULL,"" "",NULL,NULL,NULL,NULL,NULL,NULL,"" "",NULL,NULL,NULL,NULL,NULL,NULL,"" "",NULL,0,0,1ESAB1,0,1,2024-10-07 10:41:49.000,2024-10-07 10:02:11.493"
"218,15,0,1,NULL,NULL,"" "",2024-10-07 10:42:08.000,2024-10-07 13:00:50.000,NULL,NULL,NULL,NULL,NULL,"" "",NULL,NULL,NULL,NULL,NULL,NULL,"" "",NULL,NULL,NULL,NULL,NULL,NULL,"" "",NULL,NULL,NULL,NULL,NULL,NULL,"" "",NULL,NULL,NULL,NULL,NULL,NULL,"" "",NULL,NULL,NULL,NULL,NULL,NULL,"" "",NULL,NULL,NULL,NULL,NULL,NULL,"" "",NULL,NULL,NULL,NULL,NULL,NULL,"" "",NULL,NULL,NULL,NULL,NULL,NULL,"" "",NULL,NULL,NULL,NULL,NULL,NULL,"" "",NULL,NULL,NULL,NULL,NULL,NULL,"" "",NULL,NULL,NULL,NULL,NULL,NULL,"" "",NULL,4,8,1ESAB1,0,1,2024-10-07 13:00:50.000,2024-10-07 10:42:11.107"
219,12,2,6,3,prp6x2,B,2024-10-07 23:44:08.000,2024-10-09 09:57:58.000,XF13292211,43381,850,B410,M061024005,Predtah,0000522494,XF13292211,43381,850,B410,M061024033,Predtah,0000522494,XF13292211,43381,850,B410,M061024006,Predtah,0000522494,XF13292211,43381,850,B410,M061024038,Predtah,0000522494,XF13292211,43381,850,B410,M071024053,Predtah,0000522494,XF13292211,43381,850,B410,M071024042,Predtah,0000522494,XF13292211,43381,850,B410,M071024033,Predtah,0000522494,XF13292211,43381,850,B410,M071024030,Predtah,0000522494,XF13292211,43381,850,B410,M071024011,Predtah,0000522494,XF13292211,43381,850,B410,M061024123,Predtah,0000522494,XF13292211,43381,850,B410,M061024122,Predtah,0000522494,XF13292211,43381,850,B410,M061024121,Predtah,0000522494,450,78,1ESAB2,0,1,2024-10-09 09:57:58.000,2024-10-07 15:55:28.137
"220,10,0,8,11,prp8x2,"" "",2024-10-07 21:48:23.000,2024-10-07 21:48:30.000,XF13292211,43381,850,B410,M061024094,Predtah,0000522494,XF13292211,43381,850,B410,M061024093,Predtah,0000522494,XF13292211,43381,850,B410,M061024105,Predtah,0000522494,XF13292211,43381,850,B410,M061024084,Predtah,0000522494,XF13292211,43381,850,B410,M061024071,Predtah,0000522494,XF13292211,43381,850,B410,M061024059,Predtah,0000522494,XF13292211,43381,850,B410,M061024078,Predtah,0000522494,XF13292211,43381,600,B410,M061024019,Predtah,0000522494,XF13292211,43381,850,B410,M061024056,Predtah,0000522494,XF13292211,43381,850,B410,M051024136,Predtah,0000522494,XF13292211,43381,850,B410,M061024046,Predtah,0000522494,XF13292211,43381,850,B410,M051024135,Predtah,0000522494,0,0,1ESAB2,0,1,2024-10-07 21:48:30.000,2024-10-07 15:56:25.683"
221,11,1,8,11,prp8x2,B,2024-10-07 09:48:11.000,2024-10-09 08:29:49.000,XF13292211,43381,850,B410,M061024094,Predtah,0000522494,XF13292211,43381,850,B410,M061024093,Predtah,0000522494,XF13292211,43381,850,B410,M061024105,Predtah,0000522494,XF13292211,43381,850,B410,M061024084,Predtah,0000522494,XF13292211,43381,850,B410,M061024071,Predtah,0000522494,XF13292211,43381,850,B410,M061024059,Predtah,0000522494,XF13292211,43381,850,B410,M061024078,Predtah,0000522494,XF13292211,43381,600,B410,M061024019,Predtah,0000522494,XF13292211,43381,850,B410,M061024056,Predtah,0000522494,XF13292211,43381,850,B410,M051024136,Predtah,0000522494,XF13292211,43381,850,B410,M061024046,Predtah,0000522494,XF13292211,43381,850,B410,M051024135,Predtah,0000522494,410,78,1ESAB1,0,1,2024-10-09 08:29:49.000,2024-10-07 21:52:53.830
"222,13,0,2,10,prp2x4,"" "",2024-10-08 08:09:58.000,2024-10-08 12:49:58.000,XF13292211,43381,850,B410,M071024080,Predtah,0000522494,XF13292211,43381,850,B410,M071024075,Predtah,0000522494,XF13292211,43381,850,B410,M071024062,Predtah,0000522494,XF13292211,43381,850,B410,M051024158,Predtah,0000522494,XF13292211,43381,850,B410,M051024157,Predtah,0000522494,XF13292211,43381,850,B410,M051024090,Predtah,0000522494,XF13292211,43381,850,B410,M051024121,Predtah,0000522494,XF13292211,43381,850,B410,M051024102,Predtah,0000522494,XF13292211,43381,850,B410,M051024123,Predtah,0000522494,XF13292211,43381,850,B410,M051024122,Predtah,0000522494,XF13292211,43381,850,B410,M081024038,Predtah,0000522494,XF13292211,43381,850,B410,M081024047,Predtah,0000522494,279,175,1ESAB1,0,1,2024-10-08 12:49:58.000,2024-10-08 08:53:06.377"
"223,14,3,2,10,,D,2024-10-08 14:36:28.000,2024-10-09 08:20:25.000,,,0,NULL,NULL,Dratovny,NULL,NULL,NULL,NULL,NULL,NULL,"" "",NULL,NULL,NULL,NULL,NULL,NULL,"" "",NULL,NULL,NULL,NULL,NULL,NULL,"" "",NULL,NULL,NULL,NULL,NULL,NULL,"" "",NULL,NULL,NULL,NULL,NULL,NULL,"" "",NULL,NULL,NULL,NULL,NULL,NULL,"" "",NULL,NULL,NULL,NULL,NULL,NULL,"" "",NULL,NULL,NULL,NULL,NULL,NULL,"" "",NULL,NULL,NULL,NULL,NULL,NULL,"" "",NULL,NULL,NULL,NULL,NULL,NULL,"" "",NULL,NULL,NULL,NULL,NULL,NULL,"" "",NULL,224,70,1ESAB1,0,1,2024-10-09 08:20:25.000,2024-10-08 13:00:26.707"
224,14,1,7,5,prp7x3,D,2024-10-08 15:27:16.000,2024-10-10 02:05:30.000,XF13292211,43381,850,B410,M071024080,Predtah,0000522494,XF13292211,43381,850,B410,M071024075,Predtah,0000522494,XF13292211,43381,850,B410,M071024062,Predtah,0000522494,XF13292211,43381,850,B410,M051024158,Predtah,0000522494,XF13292211,43381,850,B410,M051024157,Predtah,0000522494,XF13292211,43381,850,B410,M051024090,Predtah,0000522494,XF13292211,43381,850,B410,M051024121,Predtah,0000522494,XF13292211,43381,850,B410,M051024102,Predtah,0000522494,XF13292211,43381,850,B410,M051024123,Predtah,0000522494,XF13292211,43381,850,B410,M051024122,Predtah,0000522494,XF13292211,43381,850,B410,M081024038,Predtah,0000522494,XF13292211,43381,850,B410,M081024047,Predtah,0000522494,395,223,1ESAB1,0,1,2024-10-10 02:05:30.000,2024-10-08 14:45:30.460
"225,16,2,1,1,66p1x2,B,2024-10-08 19:26:07.000,2024-10-09 09:28:09.000,XF12665500,728590,1118,B485,H081024098,VD,0000525438,XF12665500,728590,1060,B485,H081024092,VD,0000525438,XF12665500,728590,1002,B485,H081024093,VD,0000525438,NULL,NULL,NULL,NULL,NULL,"" "",NULL,NULL,NULL,NULL,NULL,NULL,"" "",NULL,NULL,NULL,NULL,NULL,NULL,"" "",NULL,NULL,NULL,NULL,NULL,NULL,"" "",NULL,NULL,NULL,NULL,NULL,NULL,"" "",NULL,NULL,NULL,NULL,NULL,NULL,"" "",NULL,NULL,NULL,NULL,NULL,NULL,"" "",NULL,NULL,NULL,NULL,NULL,NULL,"" "",NULL,NULL,NULL,NULL,NULL,NULL,"" "",NULL,188,67,1ESAB2,0,1,2024-10-09 09:56:09.000,2024-10-08 19:26:09.887"
"226,14,2,3,8,66p3x1,B,2024-10-09 05:05:17.000,2024-10-09 20:17:57.000,XF12665500,728590,966,B485,H081024097,VD,0000525438,XF12665500,728590,1010,B485,H081024096,VD,0000525438,XF12665500,728590,1114,B485,H081024099,VD,0000525438,NULL,NULL,NULL,NULL,NULL,"" "",NULL,NULL,NULL,NULL,NULL,NULL,"" "",NULL,NULL,NULL,NULL,NULL,NULL,"" "",NULL,NULL,NULL,NULL,NULL,NULL,"" "",NULL,NULL,NULL,NULL,NULL,NULL,"" "",NULL,NULL,NULL,NULL,NULL,NULL,"" "",NULL,NULL,NULL,NULL,NULL,NULL,"" "",NULL,NULL,NULL,NULL,NULL,NULL,"" "",NULL,NULL,NULL,NULL,NULL,NULL,"" "",NULL,218,399,1ESAB1,0,1,2024-10-09 20:17:57.000,2024-10-08 19:53:13.933"
"227,16,3,4,7,prp4x4,B,2024-10-09 03:33:57.000,2024-10-10 12:02:07.000,XF13292211,43381,800,B410,M081024088,Predtah,0000522494,XF13292211,43381,500,B410,M081024083,Predtah,0000522494,XF13292211,43381,850,B410,M081024079,Predtah,0000522494,XF13292211,43381,850,B410,M081024063,Predtah,0000522494,XF13292211,43381,850,B410,M081024072,Predtah,0000522494,XF13292211,43381,850,B410,M081024071,Predtah,0000522494,XF13292211,43381,850,B410,M081024070,Predtah,0000522494,XF13292211,43381,850,B410,M081024062,Predtah,0000522494,XF13292211,43381,850,B410,M081024059,Predtah,0000522494,XF13292211,43381,850,B410,M081024051,Predtah,0000522494,NULL,NULL,NULL,NULL,NULL,"" "",NULL,NULL,NULL,NULL,NULL,NULL,"" "",NULL,422,209,1ESAB1,0,1,2024-10-10 12:02:07.000,2024-10-09 03:25:03.097"
"228,15,2,2,10,66P2X1,A,2024-10-09 14:17:50.000,2024-10-10 02:53:40.000,XF12665500,728590,1154,B485,H081024095,VD,0000525438,XF12665500,728590,1096,B485,H081024094,VD,0000525438,XF12665500,02962474,1058,B485,H091024004,VD,0000525438,NULL,NULL,NULL,NULL,NULL,"" "",NULL,NULL,NULL,NULL,NULL,NULL,"" "",NULL,NULL,NULL,NULL,NULL,NULL,"" "",NULL,NULL,NULL,NULL,NULL,NULL,"" "",NULL,NULL,NULL,NULL,NULL,NULL,"" "",NULL,NULL,NULL,NULL,NULL,NULL,"" "",NULL,NULL,NULL,NULL,NULL,NULL,"" "",NULL,NULL,NULL,NULL,NULL,NULL,"" "",NULL,NULL,NULL,NULL,NULL,NULL,"" "",NULL,185,68,1ESAB1,0,1,2024-10-10 02:53:40.000,2024-10-09 08:22:10.350"
"229,17,2,1,1,66P1X3,A,2024-10-09 21:51:37.000,2024-10-10 09:22:47.000,xf12665500,728590,1014,b485,h091024003,VD,0000525438,xf12665500,728590,1114,b485,h091024002,VD,0000525438,xf12665500,728590,1020,b485,h091024001,VD,0000525438,NULL,NULL,NULL,NULL,NULL,"" "",NULL,NULL,NULL,NULL,NULL,NULL,"" "",NULL,NULL,NULL,NULL,NULL,NULL,"" "",NULL,NULL,NULL,NULL,NULL,NULL,"" "",NULL,NULL,NULL,NULL,NULL,NULL,"" "",NULL,NULL,NULL,NULL,NULL,NULL,"" "",NULL,NULL,NULL,NULL,NULL,NULL,"" "",NULL,NULL,NULL,NULL,NULL,NULL,"" "",NULL,NULL,NULL,NULL,NULL,NULL,"" "",NULL,175,58,1ESAB1,0,1,2024-10-10 09:22:47.000,2024-10-09 11:08:53.653"
230,13,1,5,4,PRP5X4,A,2024-10-09 21:34:11.000,2024-10-11 07:47:41.000,xf13092211,40942,870,b410,m081024082,Predtah,0000525376,xf13092211,40942,870,b410,m091024016,Predtah,0000525376,xf13092211,40942,870,b410,m091024017,Predtah,0000525376,xf13092211,40942,870,b410,m091024036,Predtah,0000525376,xf13092211,40942,870,b410,m091024037,Predtah,0000525376,xf13092211,40942,870,b410,m091024044,Predtah,0000525376,xf13092211,40942,810,b410,m091024069,Predtah,0000525376,xf13092211,43461,835,b410,m091024081,Predtah,0000525377,xf13092211,43461,840,b410,m091024082,Predtah,0000525377,xf13092211,43461,840,b410,m091024104,Predtah,0000525377,xf13092211,43461,840,b410,m091024091,Predtah,0000525377,xf13092211,43461,840,b410,m091024115,Predtah,0000525377,397,246,1ESAB1,0,1,2024-10-11 07:47:41.000,2024-10-09 12:02:19.973
231,13,3,6,3,PRP6X3,A,2024-10-14 06:22:15.000,NULL,xf13132211,40962,850,b410,m091024022,Predtah,0000525378,xf13132211,40962,850,b410,m091024045,Predtah,0000525378,xf13132211,40962,850,b410,m091024039,Predtah,0000525378,xf13132211,40962,850,b410,m091024023,Predtah,0000525378,xf13132211,40962,850,b410,m091024038,Predtah,0000525378,xf13132211,40962,850,b410,m091024046,Predtah,0000525378,xf13132211,40962,850,b410,m091024056,Predtah,0000525378,xf13132211,40962,850,b410,m091024055,Predtah,0000525378,xf13132211,40962,850,b410,m091024072,Predtah,0000525378,xf13132211,40962,850,b410,m091024105,Predtah,0000525378,xf13132211,40962,850,b410,m091024092,Predtah,0000525378,xf13132211,40962,850,b410,m091024116,Predtah,0000525378,0,0,1ESAB1,1,0,2024-10-14 06:22:15.000,2024-10-09 14:41:59.850
"233,16,2,3,8,66p3x3,D,2024-10-11 04:14:43.000,2024-10-11 04:15:36.000,XF12665500,728590,1106,B485,H081024103,VD,0000525438,XF12665500,728590,1148,B485,H111024021,VD,0000525438,XF12665500,728590,1056,B485,H111024022,VD,0000525438,NULL,NULL,NULL,NULL,NULL,"" "",NULL,NULL,NULL,NULL,NULL,NULL,"" "",NULL,NULL,NULL,NULL,NULL,NULL,"" "",NULL,NULL,NULL,NULL,NULL,NULL,"" "",NULL,NULL,NULL,NULL,NULL,NULL,"" "",NULL,NULL,NULL,NULL,NULL,NULL,"" "",NULL,NULL,NULL,NULL,NULL,NULL,"" "",NULL,NULL,NULL,NULL,NULL,NULL,"" "",NULL,NULL,NULL,NULL,NULL,NULL,"" "",NULL,197,348,1ESAB1,0,1,2024-10-11 04:15:36.000,2024-10-10 03:50:27.103"
"234,16,2,2,10,sawp2x1,D,2024-10-10 03:55:30.000,2024-10-10 15:34:04.000,XF12245501,28624,990,B430,2,VD,0000525892,XF12245501,28624,1042,B430,2,VD,0000525892,XF12245501,28624,984,B430,2,VD,0000525892,NULL,NULL,NULL,NULL,NULL,"" "",NULL,NULL,NULL,NULL,NULL,NULL,"" "",NULL,NULL,NULL,NULL,NULL,NULL,"" "",NULL,NULL,NULL,NULL,NULL,NULL,"" "",NULL,NULL,NULL,NULL,NULL,NULL,"" "",NULL,NULL,NULL,NULL,NULL,NULL,"" "",NULL,NULL,NULL,NULL,NULL,NULL,"" "",NULL,NULL,NULL,NULL,NULL,NULL,"" "",NULL,NULL,NULL,NULL,NULL,NULL,"" "",NULL,181,63,1ESAB1,0,1,2024-10-10 15:34:04.000,2024-10-10 03:53:23.383"
"235,15,1,7,5,prp7x4,A,2024-10-14 06:08:07.000,1900-01-01 00:00:00.000,XF13092211,43461,753,B410,M091024126,Predtah,0000525377,XF13262211,40926,840,B410,M091024132,Predtah,0000525379,XF13262211,40926,840,B410,M101024012,Predtah,0000525379,XF13262211,40926,840,B410,M101024006,Predtah,0000525379,XF13262211,40926,840,B410,M101024029,Predtah,0000525379,XF13262211,40926,840,B410,M101024037,Predtah,0000525379,XF13262211,40926,840,B410,M101024038,Predtah,0000525379,XF13262211,40926,840,B410,M101024046,Predtah,0000525379,XF13262211,40926,840,B410,M101024063,Predtah,0000525379,XF13262211,40926,840,B410,M101024045,Predtah,0000525379,XF13262211,40926,450,B410,M101024074,Predtah,0000525379,,,0,,,"" "",,0,0,1ESAB1,1,0,2024-10-14 06:08:23.000,2024-10-10 04:21:23.077"
"236,12,4,8,11,VASPP8X1,A,2024-10-10 14:15:05.000,2024-10-10 22:40:33.000,NULL,NULL,NULL,NULL,NULL,Vaspo,NULL,NULL,NULL,NULL,NULL,NULL,Vaspo,NULL,NULL,NULL,NULL,NULL,NULL,"" "",NULL,NULL,NULL,NULL,NULL,NULL,"" "",NULL,NULL,NULL,NULL,NULL,NULL,"" "",NULL,NULL,NULL,NULL,NULL,NULL,"" "",NULL,NULL,NULL,NULL,NULL,NULL,"" "",NULL,NULL,NULL,NULL,NULL,NULL,"" "",NULL,NULL,NULL,NULL,NULL,NULL,"" "",NULL,NULL,NULL,NULL,NULL,NULL,"" "",NULL,NULL,NULL,NULL,NULL,NULL,"" "",NULL,NULL,NULL,NULL,NULL,NULL,"" "",NULL,82,55,1ESAB1,0,1,2024-10-10 22:40:33.000,2024-10-10 08:26:06.537"
"237,18,2,1,1,66P1X4,A,2024-10-10 15:52:01.000,2024-10-11 04:11:03.000,xf12665500,728590,946,b485,h101024048,VD,0000525438,xf12665500,728590,1110,b485,h101024045,VD,0000525438,xf12665500,728590,1080,b485,h101024044,VD,0000525438,NULL,NULL,NULL,NULL,NULL,"" "",NULL,NULL,NULL,NULL,NULL,NULL,"" "",NULL,NULL,NULL,NULL,NULL,NULL,"" "",NULL,NULL,NULL,NULL,NULL,NULL,"" "",NULL,NULL,NULL,NULL,NULL,NULL,"" "",NULL,NULL,NULL,NULL,NULL,NULL,"" "",NULL,NULL,NULL,NULL,NULL,NULL,"" "",NULL,NULL,NULL,NULL,NULL,NULL,"" "",NULL,NULL,NULL,NULL,NULL,NULL,"" "",NULL,165,59,1ESAB1,0,1,2024-10-11 04:11:03.000,2024-10-10 10:12:03.943"
238,17,0,4,7,PRP4X5,A,1900-01-01 00:00:00.000,1900-01-01 00:00:00.000,xf13132211,40962,850,b410,m091024127,Predtah,0000525378,xf13132211,40962,850,b410,m091024133,Predtah,0000525378,xf13132211,40962,850,b410,m101024007,Predtah,0000525378,xf13132211,40962,850,b410,m101024013,Predtah,0000525378,xf13132211,40962,850,b410,m101024030,Predtah,0000525378,xf13132211,40962,850,b410,m101024035,Predtah,0000525378,xf13132211,40962,850,b410,m101024036,Predtah,0000525378,xf13132211,40962,850,b410,m101024044,Predtah,0000525378,xf13132211,40962,850,b410,m101024061,Predtah,0000525378,xf13132211,40962,850,b410,m101024043,Predtah,0000525378,xf13132211,40962,850,b410,m101024062,Predtah,0000525378,xf13132211,40962,850,b410,m101024072,Predtah,0000525378,165,59,1ESAB1,3,0,2024-10-11 04:55:54.000,2024-10-10 14:03:33.063
"239,17,2,2,10,66P2X2,A,2024-10-10 22:21:59.000,2024-10-11 10:07:24.000,xf12665500,728590,998,b485,h101024046,VD,0000525438,xf12665500,728590,1002,b485,h101024047,VD,0000525438,xf12665500,728590,950,b485,h101024049,VD,0000525438,NULL,NULL,NULL,NULL,NULL,"" "",NULL,NULL,NULL,NULL,NULL,NULL,"" "",NULL,NULL,NULL,NULL,NULL,NULL,"" "",NULL,NULL,NULL,NULL,NULL,NULL,"" "",NULL,NULL,NULL,NULL,NULL,NULL,"" "",NULL,NULL,NULL,NULL,NULL,NULL,"" "",NULL,NULL,NULL,NULL,NULL,NULL,"" "",NULL,NULL,NULL,NULL,NULL,NULL,"" "",NULL,NULL,NULL,NULL,NULL,NULL,"" "",NULL,175,67,1ESAB1,0,1,2024-10-11 10:07:24.000,2024-10-10 16:51:56.560"
240,13,2,8,11,prp8x3,D,2024-10-14 06:34:51.000,1900-01-01 00:00:00.000,XF13132211,40962,850,B410,M101024087,Predtah,0000525378,XF13132211,40962,850,B410,M101024086,Predtah,0000525378,XF13132211,40962,850,B410,M101024116,Predtah,0000525378,XF13132211,40962,850,B410,M101024128,Predtah,0000525378,XF13132211,40962,850,B410,M101024073,Predtah,0000525378,XF13132211,40962,850,B410,M101024137,Predtah,0000525378,XF13132211,40962,850,B410,M101024143,Predtah,0000525378,XF13132211,40962,850,B410,M101024155,Predtah,0000525378,XF13132211,40962,850,B410,M111024009,Predtah,0000525378,xf13132211,40962,555,b410,m111024019,Predtah,0000525378,xf13132211,40962,850,b410,m111024013,Predtah,0000525378,,,0,,,Predtah,0000525378,0,0,1ESAB1,1,0,2024-10-14 06:35:24.000,2024-10-11 01:10:18.360
"243,18,2,3,8,66p3x3,D,2024-10-11 04:15:36.000,2024-10-11 15:41:01.000,XF12665500,728590,1106,B485,H081024103,VD,0000525438,XF12665500,728590,1148,B485,H111024021,VD,0000525438,XF12665500,728590,1056,B485,H111024022,VD,0000525438,NULL,NULL,0,NULL,NULL,"" "",NULL,NULL,NULL,0,NULL,NULL,"" "",NULL,NULL,NULL,0,NULL,NULL,"" "",NULL,NULL,NULL,0,NULL,NULL,"" "",NULL,NULL,NULL,0,NULL,NULL,"" "",NULL,NULL,NULL,0,NULL,NULL,"" "",NULL,NULL,NULL,0,NULL,NULL,"" "",NULL,NULL,NULL,0,NULL,NULL,"" "",NULL,NULL,NULL,0,NULL,NULL,"" "",NULL,182,328,1ESAB1,0,1,2024-10-11 15:41:01.000,2024-10-11 04:19:27.610"
"244,19,2,1,1,66p1x5,D,2024-10-11 10:34:30.000,2024-10-11 20:59:16.000,xf12665500,728590,1150,b485,h111024020,VD,0000525438,xf12665500,728590,950,b485,h111024023,VD,0000525438,NULL,NULL,0,NULL,NULL,"" "",NULL,NULL,NULL,0,NULL,NULL,"" "",NULL,NULL,NULL,0,NULL,NULL,"" "",NULL,NULL,NULL,0,NULL,NULL,"" "",NULL,NULL,NULL,0,NULL,NULL,"" "",NULL,NULL,NULL,0,NULL,NULL,"" "",NULL,NULL,NULL,0,NULL,NULL,"" "",NULL,NULL,NULL,0,NULL,NULL,"" "",NULL,NULL,NULL,0,NULL,NULL,"" "",NULL,NULL,NULL,0,NULL,NULL,"" "",NULL,148,52,1ESAB1,0,1,2024-10-11 20:59:16.000,2024-10-11 04:49:56.283"
"245,18,2,2,10,66P2X3,B,2024-10-11 15:50:08.000,2024-10-12 03:05:18.000,xf12665500,728590,1154,b485,h111024019,VD,0000525438,xf12665500,728590,1196,b485,h111024018,VD,0000525438,NULL,NULL,0,NULL,NULL,"" "",NULL,NULL,NULL,0,NULL,NULL,"" "",NULL,NULL,NULL,0,NULL,NULL,"" "",NULL,NULL,NULL,0,NULL,NULL,"" "",NULL,NULL,NULL,0,NULL,NULL,"" "",NULL,NULL,NULL,0,NULL,NULL,"" "",NULL,NULL,NULL,0,NULL,NULL,"" "",NULL,NULL,NULL,0,NULL,NULL,"" "",NULL,NULL,NULL,0,NULL,NULL,"" "",NULL,NULL,NULL,0,NULL,NULL,"" "",NULL,158,67,1ESAB1,0,1,2024-10-12 03:05:18.000,2024-10-11 13:25:08.227"
"246,14,4,5,4,prp5x5,A,2024-10-14 07:10:51.000,NULL,XF13962211,76891,850,B410,M111024060,Predtah,0000525381,XF13962211,76891,850,B410,M111024038,Predtah,0000525381,XF13962211,76891,780,B410,M111024037,Predtah,0000525381,XF13962211,76891,850,B410,M111024122,Predtah,0000525381,XF13962211,76891,850,B410,M111024140,Predtah,0000525381,XF13962211,76891,850,B410,M121024011,Predtah,0000525381,XF13962211,76891,850,B410,M121024028,Predtah,0000525381,XF13962211,76891,550,B410,M131024106,Predtah,0000525381,XF13962211,76891,500,B410,M121024101,Predtah,0000525381,NULL,NULL,0,NULL,NULL,"" "",NULL,NULL,NULL,0,NULL,NULL,"" "",NULL,NULL,NULL,0,NULL,NULL,"" "",NULL,399,247,1ESAB1,1,0,2024-10-14 07:10:51.000,2024-10-11 15:15:52.737"
247,20,0,1,1,PRP1X1,A,1900-01-01 00:00:00.000,1900-01-01 00:00:00.000,xf13292211,40288,850,b410,m111024070,Predtah,0000525380,xf13292211,40288,850,b410,m101024115,Predtah,0000525380,xf13292211,40288,850,b410,m101024123,Predtah,0000525380,xf13292211,40288,850,b410,m101024134,Predtah,0000525380,xf13292211,40288,850,b410,m101024142,Predtah,0000525380,xf13292211,40288,850,b410,m101024154,Predtah,0000525380,xf13292211,40288,850,b410,m111024006,Predtah,0000525380,xf13292211,40288,850,b410,m111024012,Predtah,0000525380,xf13292211,40288,850,b410,m111024020,Predtah,0000525380,xf13292211,40288,850,b410,m111024028,Predtah,0000525380,xf13292211,40288,850,b410,m111024029,Predtah,0000525380,xf13292211,40288,850,b410,m111024039,Predtah,0000525380,148,52,1ESAB2,3,0,2024-10-11 23:27:35.000,2024-10-11 23:27:28.250
248,20,0,1,1,PRP1X1,A,1900-01-01 00:00:00.000,1900-01-01 00:00:00.000,xf13292211,40288,850,b410,m111024070,Predtah,0000525380,xf13292211,40288,850,b410,m101024115,Predtah,0000525380,xf13292211,40288,850,b410,m101024123,Predtah,0000525380,xf13292211,40288,850,b410,m101024134,Predtah,0000525380,xf13292211,40288,850,b410,m101024142,Predtah,0000525380,xf13292211,40288,850,b410,m101024154,Predtah,0000525380,xf13292211,40288,850,b410,m111024006,Predtah,0000525380,xf13292211,40288,850,b410,m111024012,Predtah,0000525380,xf13292211,40288,850,b410,m111024020,Predtah,0000525380,xf13292211,40288,850,b410,m111024028,Predtah,0000525380,xf13292211,40288,850,b410,m111024029,Predtah,0000525380,xf13292211,40288,850,b410,m111024039,Predtah,0000525380,148,52,1ESAB2,0,0,2024-10-11 23:27:35.000,2024-10-11 23:27:28.250
